,Title,Year,Director,Stars,Genre
0,Fast Color,2019,Julia Hart,"Gugu Mbatha-Raw, Lorraine Toussaint,Saniyya Sidney, David Strathairn",
1,Black Dynamite,2009,"Shawn Maurer, Scott Sanders",,
2,Keanu,2016,Peter Atencio,"Keegan-Michael Key, Jordan Reele, TiffanyHaddish, Method Man",
3,George Washington,2000,David Gordon Greeen,"Donald Holden, Candace Evanofski, Curtis Cotton II, Eddie Rouse",
4,Ghost Dog- The Way of the Samaurai,2000,Jim Jarmusch,"Forest Whitaker, John Tormey, Henry Silva, Cliff Gorman",
5,Get On Up,2014,Tate Taylor,"Chadwick Boseman, Viola Davis, Octavia Spencer, Nelsan Ellis",
6,Monsters and Men,2018,Reinaldo Marcus Green,"John David Washington,Chante Adams, Rob Morgan",
7,Jingle Jangle,2020,Davis E. Talbert,"Forest Whitaker, Hugh Bonneville, Keegan-Michael Key, Phylicia Rashad",
8,Selah and the Spades,2020,Tayarisha Poe,"Lovie Simone,Jharrel Jerome,Gina Torres, Jesse Williams",
9,Our Song,2001,Jim McKay,"Kerry Washington, Anna SImpson, Melissa Martinez, Marlene Forte",
10,Burning Cane,2019,Phillip Youmans," Wendell Pierce, Karen Kaia Livers, Dominique McClellan ",
11,Uncorked,2020,Prentice Penny," Courtney B. Vance, Lashun Pollard, Michael Mobley",
12,Madeline's Madeline,2018,Josephine Decker,"Helena Howard, Molly Parker, Miranda July ",
13,God Grew Tired of us,2007,Christopher Dillon Quinn,"Nicole Kidman, John Bul Dau, Panther Bior, Daniel Abul Pach",
14,Premature,2020,Rashaad Ernesto Green," Imani Lewis, Jimmy Lee Gary Jr., Meeya Davis, Ozzie Stewart",
15,Sylvies Love,2020,Eugene Ash,"Tessa Thompson, Nnamdi Asomugha, Eva Longoria, Aja Naomi King",
16,Luce,2019,Julius Onah,"Naomi Watts, Octavia Spencer, Kelvin Harrison Jr., Tim Roth",
17,Good Hair,2009,Jeff Silson,Chris Rock,
18,Support the Girls,2018,Andrew Bujaski,"Regina Hall, Haley Lu Richardson, Shayna McHayle, Brooklyn Decker",
19,It Comes at Night,2017,Trey Edward Shults,"Joel Edgerton, Riley Keough, Christopher Abbott, Carmen Ejogo",
20,Night Comes On,2018,Jordana Spiro," Jill Rene, Nastashia Fuller, John Earl Jelks",
21,Farwell Armor,2020,Ekwa Msangi,"Ntare Guma Mbaho Mwine, Zainab Jah, Jayme Lawson ",
22,The Last Black Man in San Francisco,2019,Joe Talbot," Jimmie Fails, Jonathan Majors, Tichina Arnold, Rob Morgan",
23,Tangerine,2015,Sean Baker (II),"itana Kiki Rodriguez, James Ransone, Mya Taylor, Alla Tumanian",
24,40 Year. Old Version,2020,Radha Blank,"Welker White, Reed Birney, Peggy J. Scott, Peter Kim",
25,Miss Junteenth,2020,Channing Godfrey Peoples,"Nicole Beharie, Kendrick Sampson, Alexis Chikaeze, Lori Hayes",
26,Dolemite is My Name,2019,Craig Brewer,"Eddie Murphy, Wesley Snipes, Keegan-Michael Key, Mike Epps",
27,Widows,2018,Steve McQueen,"Viola Davis, Michelle Rodriguez, Elizabeth Debicki, Cynthia Erivo",
28,Soul,2020,Pete Docter,"Jamie Foxx, Daveed Diggs, John Ratzenberger, Tina Fey",
29,Spiderman: Int the Spider-Verse,2018,"Bob Persichetti, Peter Ramsey, Rodney Rothman","Shameik Moore, Jake Johnson (XVI), Hailee Steinfeld, Mahershala Ali",
30,Ma Rainey's Black Bottom,2020,George C. Wolfe," Chadwick Boseman, Viola Davis, Glynn Turman, Jeremy Shamos",
31,One Night in Miami,2020,Regina King,"Kingsley Ben-Adir, Eli Goree, Aldis Hodge, Leslie Odom Jr.",
0,Akeelah and the Bee,2006,Doug Atchison,"Angela Bassett, Laurence Fishburne, Keke Palmer",Family
1,Are We Done Yet?,2007,Steve Carr,"Ice Cube, Nia Long, John C. McGinley",Family
2,Are We There Yet?,2005,Brian LeVant,"Ice Cube, Nia Long, Aleisha Allen",Family
3,Autobiography of Miss Jane Pittman,1974,John Korty,"Cicely Tyson, Eric Brown, Richard Dysart",Family
4,Bogus,1996,Norman Jewison,"Whoopi Goldberg, Gérard Depardieu, Haley Joel Osment",Family
5,Call Me Claus,2001,Peter Werner,"Whoopi Goldberg, Nigel Hawthorne, Brian Stokes Mitchell",Family
6,Chasing Secrets aka The Secret Path,1999,Bruce Pittman,"Della Reese, Crystal Bernard, Madeline Zima",Family
7,Christmas at Water’s Edge,2004,Lee Davis,"Keshia Knight Pulliam, Pooch Hall, Earl Billings",Family
8,Cinderella,1997,Robert Iscove,"Brandy Norwood, Whoopi Goldberg, Bernadette Peters",Family
9,Claudine,1974, John Berry,"Diahann Carroll, James Earl Jones, Lawrence Hilton-Jacobs",Family
10,Clover,1997,Jud Taylor,"Elizabeth McGovern, Ernie Hudson, Zelda Harris",Family
11,College Road Trip,2008,Roger Kumble,"Raven-Symoné, Martin Lawrence, Kym Whitley",Family
12,Cool Runnings,1993, Jon Turteltaub,"John Candy, Leon, Doug E. Doug",Family
13,Daddy Day Camp,2007,Fred Savage,"Cuba Gooding Jr., Lochlyn Munro, Richard Gant",Family
14,Dr. Doolittle,1998,Betty Thomas,"Eddie Murphy, Peter Boyle, Ossie Davis",Family
15,Dr. Doolittle 2,2001,Steve Carr,"Eddie Murphy, Cedric the Entertainer, Kristen Wilson",Family
16,Dr. Doolittle 3,2006,Rich Thorne,"Kristen Wilson, Tara Wilson, Kyla Pratt",Family
17,Fat Albert,2004, Joel Zwick,"Kenan Thompson, Kyla Pratt, Omarion Grandberry",Family
18,Freedom Song,2000,Phil Alden Robinson,"Danny Glover, Vicellous Reon Shannon, Vondie Curtis-Hall",Family
19,Ghost Dad,1990,Sidney Poitier,"Bill Cosby, Kimberly Russell, Denise Nicholas",Family
20,Good Burger,1997,Brian Robbins,"Kel Mitchell, Kenan Thompson, Sinbad",Family
21,Have a Little Faith,2011,Jon Avnet,"Laurence Fishburne, Bradley Whitford, Anika Noni Rose",Family
22,Imagine That,2009,Karey Kirkpatrick,"Eddie Murphy, Thomas Haden Church, Yara Shahidi",Family
23,Kingdom Come,2001,Doug McHenry,"LL Cool J, Jada Pinkett Smith, Vivica A. Fox",Family
24,Kudzu Christmas,2002,Fred H. Dresch,"John Lawhorn, Virginia Randall, Deborah Duke",Family
25,Life-Size,2000,Mark Rosman,"Lindsay Lohan, Jere Burns, Anne Marie DeLuise",Family
26,Like Mike,2002, John Schultz,"Bow Wow, Jonathan Lipnicki, Morris Chestnut",Family
27,Like Mike 2: Streetball,2006,David Nelson,"Jascha Washington, Kel Mitchell, Michael Beach",Family
28,Little John,2002,Dick Lowry,"Ving Rhames, Gloria Reuben, Ruben Santiago-Hudson",Family
29,Mama Flora’s Family,1998,Peter Werner,"Cicely Tyson, Erika Alexander, Blair Underwood",Family
30,Meet Dave,2008,Brian Robbins,"Eddie Murphy, Elizabeth Banks, Gabrielle Union",Family
31,Moonwalker,1988," Jerry Kramer, Jim Blashfield, Colin Chilvers","Michael Jackson, Joe Pesci, Sean Lennon",Family
32,Our Friend Martin,1999,"Robert Brousseau, Vincenzo Trippetti","Edward Asner, Angela Bassett, Lucas Black",Family
33,Perfect Holiday,2007,Lance Rivera,"Gabrielle Union, Morris Chestnut, Queen Latifah",Family
34,Polly,1989,Debbie Allen,"Keshia Knight Pulliam, Phylicia Rashad, Dorian Harewood",Family
35,Polly Comin’ Home,1990,Debbie Allen,"Keshia Knight Pulliam, Phylicia Rashad, Dorian Harewood",Family
36,Pride,2007,Sunu Gonera,"Terrence Howard, Bernie Mac, Kimberly Elise",Family
37,Race to Freedom: The Story of the Underground Railroad,1994,Don McBrearty,"Falconer Abraham, Dwight Bacquie, Janet Bailey",Family
38,Rebound,2005,Steve Carr,"Martin Lawrence, Megan Mullally, Breckin Meyer",Family
39,Roots TV Miniseries,1977,"David Greene, Marvin J. Chomsky, John Erman and Gilbert Moses","LeVar Burton, Olivia Cole, Ben Vereen",Family
40,Roots' The Next Generations,1979,"John Erman, Charles S. Dubin","Dorian Harewood, Debbi Morgan, Paul Koslo",Family
41,Ruby Bridges,1998,Euzhan Palcy,"Penelope Ann Miller, Kevin Pollak, Michael Beach",Family
42,Santa & Pete,1999,Duwayne Dunham,"Hume Cronyn, James Earl Jones, Flex Alexander",Family
43,Selma Lord Selma,1999,Charles Burnett,"Mackenzie Astin, Jurnee Smollett-Bell, Clifton Powell",Family
44,Seventeen Again,2000,Jeffrey W. Byrd,"Tia Mowry-Hardrict, Tamera Mowry-Housley, Mark Taylor",Family
45,Sister Act,1992,Emile Ardolino,"Whoopi Goldberg, Maggie Smith, Kathy Najimy",Family
46,Sister Act 2,1993,Bill Duke,"Whoopi Goldberg, Kathy Najimy, Maggie Smith",Family
47,Snow Dogs,2002,Brian Levant,"Cuba Gooding Jr., James Coburn, Sisqó",Family
48,Something to Sing About,2000,Charlie Jordan,"Irma P. Hall, Darius McCrary, Tamera Mowry-Housley",Family
49,Soul of the Game,1996,Kevin Rodney Sullivan,"Delroy Lindo, Mykelti Williamson, Edward Herrmann",Family
50,Sounder �1972,1972,Martin Ritt,"Cicely Tyson, Paul Winfield, Kevin Hooks",Family
51,Sounder � 2003,2003,Kevin Hooks,"Carl Lumbly, Suzzanne Douglas, Daniel Lee Robertson III",Family
52,Space Jam,1996, Joe Pytka,"Michael Jordan, Wayne Knight, Theresa Randle",Family
53,The Cheetah Girls,2003,Oz Scott,"Raven-Symoné, Adrienne Bailon, Kiely Williams",Family
54,The Cheetah Girls 2,2006,Kenny Ortega,"Raven-Symoné, Adrienne Bailon, Sabrina Bryan",Family
55,The Cheetah Girls' One World,2008,Paul Hoen,"Adrienne Bailon, Sabrina Bryan, Kiely Williams",Family
56,The Fighting Temptations,2003,Jonathan Lynn,"Cuba Gooding Jr., Beyoncé Knowles, Mike Epps",Family
57,The Ideal Husband,2011,John Ruffin,"Darrin Dewitt Henson, Shanti Lowry, Ginuwine",Family
58,The Jackie Robinson Story,1950,Alfred E. Green,"Jackie Robinson, Ruby Dee, Minor Watson",Family
59,The Jacksons� An American Dream,1992,Karen Arthur,"Lawrence Hilton-Jacobs, Angela Bassett, Holly Robinson Peete",Family
60,The Jesse Owens Story,1984,Richard Irving,"Dorian Harewood, Dan Ammerman, Bob Banks",Family
61,The Karate Kid,2010,Harald Zwart,"Jackie Chan, Jaden Smith, Taraji P. Henson",Family
62,The Last Brickmaker in America,2001,Gregg Champion,"Sidney Poitier, Cody Newton, Piper Laurie",Family
63,The Marva Collins Story,1981, Peter Levin,"Cicely Tyson, Morgan Freeman, Roderick Wimberly",Family
64,The Meteor Man,1993,Robert Townsend,"Robert Townsend, Marla Gibbs, Eddie Griffin",Family
65,The Princess and the Frog,2009,"Ron Clements, John Musker","Anika Noni Rose, Keith David, Oprah Winfrey",Family
66,The Proud Family Movie,2005, Bruce W. Smith,"Kyla Pratt, Tommy Davidson, Paula Jai Parker",Family
67,The Pursuit of Happyness,2006,Gabriele Muccino,"Will Smith, Thandie Newton, Jaden Smith",Family
68,The Reading Room,2005,Georg Stanford Brown," James Earl Jones, Joanna Cassidy, Douglas Spain",Family
69,The Rosa Parks Story,2002, Julie Dash,"Angela Bassett, Peter Francis James, Tonea Stewart",Family
70,The Runaway,2000,Arthur Allan Seidelman,"Dean Cain, Pat Hingle, Debbi Morgan",Family
71,The Sky is Gray (The American Short Story Collection),1980,Stan Lathan,"Olivia Cole, James Bond III, Margaret Avery",Family
72,The Wishing Tree,1999,Ivan Passer,"Alfre Woodard, Helen Shaver, Mary Alice",Family
73,The Wiz,1978,Sidney Lumet,"Diana Ross, Michael Jackson, Nipsey Russell",Family
74,Twitches,2005,Stuart Gillard,"Tia Mowry-Hardrict, Tamera Mowry-Housley, Kristen Wilson",Family
75,Twitches Too,2007,Stuart Gillard,"Tia Mowry-Hardrict, Tamera Mowry-Housley, Kristen Wilson",Family
76,Uptown Saturday Night,1974,Sidney Poitier,"Sidney Poitier, Bill Cosby, Harry Belafonte",Family
77,What She Wants for Christmas,2012,Jason Hewitt,"Denise Boutte, Brianna Dufrene, Lily Solange Hewitt",Family
78,Wilma,1977,Bud Greenspan,"Shirley Jo Finney, Cicely Tyson, Jason Bernard",Family
79,Words by Heart,1985,Robert C. Thompson,"Robert Hooks, Charlotte Rae, Alfre Woodard",Family
0,Beverly Hills Cop,1984,Martin Brest,,
1,The Color Purple,1985,Steven Spielberg,Whoopi Goldberg,
2,The Color Purple,1985,Steven Spielberg,,
3,Beverly Hills Cop 2,1987,Tony Scott,,
4,Coming To America,1988,John Landis,,
5,Boyz n the Hood,1991,John Singleton,"Cuba Gooding, Jr. & Ice Cube",
6,A Rage in Harlem,1991,Bill Duke,Forest Whitaker,
7,Boomerang,1992,Reginald Hudlin,Eddie Murphy,
8,Boomerang,1992,Reginald Hudlin,,
9,Sister Act,1992,Emile Ardo ,,
10,The Bodyguard,1992,Mick Jackson,,
11,The Pelican Brief,1993,Alan J Pakula,,
12,Above the Rim,1994,Jeff Pollack,Duane Martin,
13,A Low Down Dirty Shame,1994,Keenen Ivory Wayans,Keenen Ivory Wayans,
14,Beverly Hills Cop 3,1994,John Landis,,
15,Bad Boys,1995,Michael Bay,Will Smith & Martin Lawrence,
16,Waiting to Exhale,1995,Forest Whitaker,"Angela Bassett, Whitney Houston, Lela Rochon, Loretta Devine",
17,Bad Boys,1995,Michael Bay,,
18,The Nutty Professor,1996,Tom Shadyac,,
19,The 6th Man,1997,Randall Miller,Marlon Wayans,
20,Beloved,1998,Jonathan Demme,Oprah Winfrey,
21,Blade,1998,Stephen Norrington,,
22,The Best Man,1999,Malcolm D. Lee,Taye Diggs,
23,Blue Streak,1999,Les Mayfield,,
24,The Bone Collector,1999,Phillip Noyce,,
25,Bamboozled,2000,Spike Lee,Damon Wayans,
26,Big Momma's House,2000,Michael Bay,Martin Lawrence,
27,Big Momma'S House,2000,Raja Gosnell,,
28,Shaft,2000,John Singleton,,
29,Ali,2001,Michael Mann,Will Smith,
30,Bones,2001,Ernest R. Dickerson,Snoop Dogg,
31,The Brothers,2001,Gary Hardwick,Morris Chestnut,
32,Training Day,2001,Antoine Fuqua,,
33,All About the Benjamins,2002,Kevin Bray,Ice Cube,
34,Antwone Fisher,2002,Denzel Washington,Derek Luke,
35,Barbershop,2002,Tim Story,Ice Cube,
36,Brown Sugar,2002,Rick Famuyiwa,Taye Diggs & Sanaa Lathan,
37,Adventures of Pluto Nash,2002,Steve Pink,Eddie Murphy,
38,Blade Ii,2002,Guillermo del Tora,,
39,Bad Boys II,2003,Michael Bay,Will Smith & Martin Lawrence,
40,Bad Boys Ii,2003,Michael Bay,,
41,Blade: Trinity,2004,David S Goyer,,
42,Man Of Fire,2004,Tony Scott,,
43,Ray,2004,Taylor Hackford,,
44,White Chicks,2004,Keenen Ivory Wayans,,
45,Are We There Yet?,2005,Brian Levant,Ice Cube,
46,Hitch,2005,Andy Tennant,,
47,ATL,2006,Chris Robinson,T.I.,
48,Akeelah and the Bee,2006,Doug Atchison,Keke Palmer,
49,Big Momma'S House 2 ,2006,John Whitesell,,
50,Dreamgirls,2006,Bill Condon,,
51,Inside Man,2006,Spike Lee,,
52,The Nutty Professor II the Klumps,2006,Peter Segal,,
53,The Pursuit Of Happyness,2006,Gabrielle Muccino,,
54,American Gangster,2007,Ridley Scott,Denzel Washington,
55,Are We Done Yet?,2007,Steve Carr,Ice Cube,
56,American Gangster,2007,Ridley Scott,,
57,I Am Legend,2007,Francis Lawrence,,
58,Hancock,2008,Peter Berg,,
59,The Book Of Eli,2010,Albert Hughes Allen Hughes,,
60,The Help,2011,Tate Taylor,,
61,Beasts of the Southern Wild,2012,Benh Zeitlin,Quvenzhané Wallis,
62,Django Unchained,2012,Quentin Tarantino,,
63,Safehouse,2012,Daniel Espinosa,,
64,Black Nativity,2013,Kasi Lemmons,Jacob Latimore,
65,The Butler,2013,Lee Daniels,Forest Whitaker,
66,12 Years A Slave,2013,Steve McQueen,,
67,The Butler,2013,Lee Daniels,,
68,About Last Night,2014,Steve Pink,Joy Bryant,
69,Ride Along,2014,Tim Storey,,
70,The Equalizer,2014,Antoine Fuqua,,
71,Creed,2015,Ryan Coogler,,
72,Straight Outta Compton,2015,F. Gary Gray,,
73,The Birth of a Nation,2016,Nate Parker,Nate Parker,
74,Central Intelligence,2016,Rawson Marshall Thurber,,
75,Hidden Figures,2016,Theodore Melfi,,
76,Ride Along 2,2016,Tim Storey,,
77,All Eyez on Me,2017,Benny Boom,Demetrius Shipp Jr.,
78,Get Out,2017,Jordan Peele,,
79,Girls Trip,2017,Malcolm D. Lee,,
80,Jumanji Welcome To The Jungle,2017,Jake Kasdan,,
81,Black Panther,2018,Ryan Coogler,Chadwick Boseman,
82,A Wrinkle in Time,2018,Ava DuVernay,Storm Reid,
83,BlacKkKlansman,2018,Spike Lee,John David Washington,
84,Green Book,2018,Peter Farrelly,Mahershala Ali,
85,A Wrinkle In Time,2018,Ava Duvernay,,
86,Black Panther,2018,Ryan Coogler,,
87,Creed 2,2018,Steve Capel Jr,,
88,The Equalizer 2,2018,Antoine Fuqua,,
89,What Men Want,2019,Adam Shankman,Taraji P. Henson,
90,Us,2019,Jordan Peele,,
91,Bad Boys for Life,2020,Adil & Bilall,Will Smith & Martin Lawrence,
0,30 Years to Life,2001,Vanessa Middleton,"Erika Alexander, Melissa De Sousa, Tracy Morgan",Comedy
1,35 and Ticking,2011,Russ Parr,"Tamala Jones, Nicole Ari Parker, Kevin Hart",Comedy
2,48 Hrs,1982,Walter Hill,"Nick Nolte, Eddie Murphy, Annette O’Toole",Comedy
3,A Family Thing,1996,Richard Pearce,"Robert Duvall, James Earl Jones, Michael Beach",Comedy
4,A Low Down Dirty Shame,1994,Keenen Ivory Wayans,"Keenen Ivory Wayans, Charles S. Dutton, Jada Pinkett Smith",Comedy
5,A Piece of the Action,1977,Sidney Poitier,"Sidney Poitier, Bill Cosby, James Earl Jones",Comedy
6,A Thin Line Between Love and Hate,1996,Martin Lawrence,"Martin Lawrence, Lynn Whitfield, Regina King",Comedy
7,A Thousand Words,2012,Brian Robbins,"Eddie Murphy, Cliff Curtis, Kerry Washington",Comedy
8,Aaron Loves Angela,1975,Gordon Parks Jr.,"Moses Gunn, Kevin Hooks, Irene Cara",Comedy
9,Adios Amigo,1976,Fred Williamson,"Fred Williamson, Richard Pryor, James Brown",Comedy
10,All About You,2001,Christine Swanson,"Renee Goldsberry, Terron Brooks, Debbie Allen",Comedy
11,Amazing Grace,1974,Stan Lathan,"Moms Mabley, Slappy White, Rosalind Cash",Comedy
12,Are We Done Yet?,2007,Steve Carr,"Ice Cube, Nia Long, John C. McGinleyh",Comedy
13,Are We There Yet?,2005,Brian LeVant,"Ice Cube, Nia Long, Aleisha Allen",Comedy
14,B.A.P.S.,1997,Robert Townsend,"Halle Berry, Natalie Desselle, Martin Landau",Comedy
15,Baby Boy,2001,John Singleton,"AlexSandra Wright, Tyrese Gibson, Taraji P. Henson",Comedy
16,Bad Boys,1995,Michael Bay,"Will Smith, Martin Lawrence, Lisa Boyle",Comedy
17,Bad Boys II,2003,Michael Bay,"Will Smith, Martin Lawrence, Gabrielle Union",Comedy
18,Bamboozled,2000,Spike Lee,"Damon Wayans, Savion Glover, Jada Pinkett Smith",Comedy
19,Barbershop,2002,Tim Story,"Ice Cube, Cedric the Entertainer, Eve",Comedy
20,Barbershop 2: Back in Business,2004,Kevin Rodney Sullivan,"Ice Cube, Cedric the Entertainer, Eve",Comedy
21,Beauty Shop,2005,Bille Woodruff,"Queen Latifah, Alicia Silverstone, Djimon Hounsou",Comedy
22,Bebe's Kids,1992,Bruce W. Smith,"Faizon Love, Vanessa Bell Calloway, Wayne Collins Jr.",Comedy
23,Beverly Hills Cop,1984,Martin Brest,"Eddie Murphy, Judge Reinhold, John Ashton",Comedy
24,Big Momma’s House,2000,Raja Gosnell,"Martin Lawrence, Nia Long, Paul Giamatti",Comedy
25,Big Momma’s House 2,2006,John Whitesell,"Martin Lawrence, Emily Procter, Nia Long",Comedy
26,Bingo Long Traveling All-Stars and Motor Kings,1976,John Badham,"Billy Dee Williams, James Earl Jones, Richard Pryor",Comedy
27,Black Belt Jones,1974,Robert Clouse,"Jim Kelly, Gloria Hendry, Scatman Crothers",Comedy
28,Black Dynamite,2009,Scott Sanders,"Arsenio Hall, Tommy Davidson, Michael Jai White",Comedy
29,Blankman,1994,Mike Binder,"Damon Wayans, David Alan Grier, Robin Givens",Comedy
30,Blue Streak,1999,Les Mayfield,"Martin Lawrence, Luke Wilson, Peter Greene",Comedy
31,Bogus,1996,Norman Jewison,"Whoopi Goldberg, Gérard Depardieu, Haley Joel Osment",Comedy
32,Bone,1972,Larry Cohen,"Yaphet Kotto, Andrew Duggan, Joyce Van Patten",Comedy
33,Boomerang,1992,Reginald Hudlin,"Eddie Murphy, Robin Givens, Halle Berry",Comedy
34,Booty Call,1997,Jeff Pollack,"Jamie Foxx, Tommy Davidson, Vivica A. Fox",Comedy
35,Breakin' All the Rules,2004,Daniel Taplitz,"Jamie Foxx, Gabrielle Union, Morris Chestnut",Comedy
36,Brewster's Millions,1985,Walter Hill,"Richard Pryor, John Candy, Lonette McKee",Comedy
37,Bringing Down the House,2003,Adam Shankman,"Steve Martin, Queen Latifah, Eugene Levy",Comedy
38,Brown Sugar,2002,Rick Famuyiwa,"Taye Diggs, Sanaa Lathan, Mos Def",Comedy
39,Buck and the Preacher,1972,Sidney Poitier,"Sidney Poitier, Harry Belafonte, Ruby Dee",Comedy
40,Bugged!,1997,Ronald K. Armstrong,"Priscilla K. Basque, Ronald K. Armstrong, Jeff Lee",Comedy
41,Burlesque in Harlem,1954,William Alexander,"Dewey ‘Pigmeat’ Markham, Dick Barrow, Jo Jo Adams",Comedy
42,Bustin' Loose,1981,Oz Scott,"Richard Pryor, Cicely Tyson, Ángel Ramírez",Comedy
43,Call Me Claus,2001,Peter Werner,"Whoopi Goldberg, Nigel Hawthorne, Brian Stokes Mitchell",Comedy
44,Car Wash,1976,Michael Schultz,"Richard Pryor, Franklyn Ajaye, Darrow Igus",Comedy
45,Carbon Copy,1981,Michael Schultz,"George Segal, Susan Saint James, Jack Warden",Comedy
46,Catfish in Black Bean Sauce,1999,Chi Muoi Lo,"Chi Muoi Lo, Sanaa Lathan, Paul Winfield",Comedy
47,CB4: The Movie,1993,Tamra Davis,"Chris Rock, Allen Payne, Deezer D",Comedy
48,Class Act,1992,Randall Miller,"Christopher Reid, Christopher Martin, Andre Rosey Brown",Comedy
49,Claudine,1974,John Berry,"Diahann Carroll, James Earl Jones, Lawrence Hilton-Jacobs",Comedy
50,College Road Trip,2008,Roger Kumble,"Raven-Symoné, Martin Lawrence, Kym Whitley",Comedy
51,Come Back Charleston Blue,1972,Mark Warren,"Godfrey Cambridge, Raymond St. Jacques, Peter De Anda",Comedy
52,Coming to America,1988,John Landis,"Eddie Murphy, Arsenio Hall, James Earl Jones",Comedy
53,Cool Runnings,1993, Jon Turteltaub," John Candy, Leon, Doug E. Doug",Comedy
54,Cooley High,1975,Michael Schultz,"Glynn Turman, Lawrence Hilton-Jacobs, Garrett Morris",Comedy
55,"Corrina, Corrina",1994,Jessie Nelson,"Ray Liotta, Whoopi Goldberg, Tina Majorino",Comedy
56,Cotton Comes to Harlem,1970,Ossie Davis,"Godfrey Cambridge, Raymond St. Jacques, Calvin Lockhart",Comedy
57,Critical Condition,1987,Michael Apted,"Richard Pryor, Rachel Ticotin, Rubén Blades",Comedy
58,Crooklyn,1994,Spike Lee,"Alfre Woodard, Delroy Lindo, David Patrick Kelly",Comedy
59,Daddy Day Camp,2007,Fred Savage,"Cuba Gooding Jr., Lochlyn Munro, Richard Gant",Comedy
60,Dance Fu,2011,Cedric the Entertainer,"Kel Mitchell, Cedric the Entertainer, Kat Graham",Comedy
61,Darktown Strutters,1975,William Witney,"Trina Parks, Edna Richardson, Bettye Sweet",Comedy
62,"David E. Talbert He Say, She Say But What Does God Say?",2004,David E. Talbert,"Clifton Powell, N’Bushe Wright, Thomas A. Ford",Comedy
63,Death at a Funeral,2010,Neil LaBute,"Chris Rock, Martin Lawrence, Keith David",Comedy
64,Deliver Us from Eva,2003,Gary Hardwick,"Gabrielle Union, LL Cool J, Essence Atkins",Comedy
65,Diary of a Mad Black Woman,2005,Darren Grant,"Kimberly Elise, Steve Harris, Tyler Perry",Comedy
66,Diary of a Tired Black Man,2008,Tim Alexander,"Jimmy Jean-Louis, Paula Lema, Tim Alexander",Comedy
67,Dirty Laundry,2006,Maurice Jamal,"Rockmond Dunbar, Loretta Devine, Jenifer Lewis",Comedy
68,Disorderlies,1987,Michael Schultz,"Darren Robinson, Damon Wimbley, Mark Morales",Comedy
69,Diva's Christmas Carol,2000,Richard Schenkman,"Vanessa Williams, Rozonda ‘Chilli’ Thomas, John Taylor",Comedy
70,Dolemite,1975,D'Urville Martin,"Rudy Ray Moore, D’Urville Martin, Jerry Jones",Comedy
71,Don't Be a Menace to South Central While Drinking Your Juice in the Hood,1996,Paris Barclay,"Shawn Wayans, Marlon Wayans, Keenen Ivory Wayans",Comedy
72,Don't Play Us Cheap,1973,Melvin Van Peebles,"Thomas Anderson, Jay Van Leer, Robert Dunn",Comedy
73,Double Deal,1939,Arthur Dreifuss,"Monte Hawley, Jeni Le Gon, Edward Thompson",Comedy
74,Double Take,2001,George Gallo,"Orlando Jones, Eddie Griffin, Gary Grubbs",Comedy
75,Double Wedding,2010,Craig Pryce,"Tamera Mowry-Housley, Tia Mowry-Hardrict, O.T. Fagbenle",Comedy
76,Down to Earth,2001,"Chris Weitz, Paul Weitz","Chris Rock, Regina King, Chazz Palminteri",Comedy
77,Dr. Doolittle,1998,Betty Thomas,"Eddie Murphy, Peter Boyle, Ossie Davis",Comedy
78,Dr. Doolittle 2,2001,Steve Carr,"Eddie Murphy, Cedric the Entertainer, Kristen Wilson",Comedy
79,Dr. Doolittle 3,2006,Rich Thorne,"Kristen Wilson, Tara Wilson, Kyla Pratt",Comedy
80,Driving Miss Daisy,1989,Bruce Beresford,"Morgan Freeman, Jessica Tandy, Dan Aykroyd",Comedy
81,Drumline,2002,Charles Stone III,"Nick Cannon, Zoe Saldana, Orlando Jones",Comedy
82,Dysfunctional Friends,2012,Corey Grant,"Stacey Dash, Reagan Gomez-Preston, Wesley Jonathan",Comedy
83,Eddie,1996,Steve Rash,"Whoopi Goldberg, Frank Langella, Dennis Farina",Comedy
84,Fat Albert,2004,Joel Zwick,"Kenan Thompson, Kyla Pratt, Omarion Grandberry",Comedy
85,Fear of a Black Hat,1993,Rusty Cundieff,"Larry B. Scott, Mark Christopher Lawrence, Rusty Cundieff",Comedy
86,Fish that Saved Pittsburgh,1979,Gilbert Moses,"Julius Erving, Jonathan Winters, Meadowlark Lemon",Comedy
87,Five on the Black Hand Side,1973,Oscar Williams,"Godfrey Cambridge, Clarice Taylor, Leonard Jackson",Comedy
88,Foolish,1999,Dave Meyers,"Eddie Griffin, Master P, Amie Petersen",Comedy
89,For Love of Ivy,1968,Daniel Mann,"Sidney Poitier, Abbey Lincoln, Beau Bridges",Comedy
90,Foxy Brown,1974,Jack Hill,"Pam Grier, Antonio Fargas, Peter Brown",Comedy
91,Friday,1995,F. Gary Gray,"Ice Cube, Chris Tucker, Nia Long",Comedy
92,Friday After Next,2002,Marcus Raboy,"Ice Cube, Mike Epps, John Witherspoon",Comedy
93,Getting Played,2006,David Silberg,"Vivica A. Fox, Bill Bellamy, Carmen Electra",Comedy
94,Ghost Dad,1990,Sidney Poitier,"Bill Cosby, Kimberly Russell, Denise Nicholas",Comedy
95,Girl 6,1996,Spike Lee,"Theresa Randle, Isaiah Washington, Spike Lee",Comedy
96,Glory Road,2006,James Gartner,"Josh Lucas, Derek Luke, Austin Nichols",Comedy
97,Good Burger,1997,Brian Robbins,"Kel Mitchell, Kenan Thompson, Sinbad",Comedy
98,Good Deeds,2012,Tyler Perry,"Tyler Perry, Gabrielle Union, Thandie Newton",Comedy
99,Good Fences,2003,Ernest R. Dickerson,"Danny Glover, Whoopi Goldberg, Zachary Simmons Glover",Comedy
100,Greased Lightning,1977,Michael Schultz,"Richard Pryor, Beau Bridges, Pam Grier",Comedy
101,Gridlock'd,1997,Vondie Curtis-Hall,"Tupac Shakur, Tim Roth, Thandie Newton",Comedy
102,Guess Who,2005,Kevin Rodney Sullivan,"Ashton Kutcher, Bernie Mac, Zoe Saldana",Comedy
103,Hangin' with the Homeboys,1991,Joseph B. Vasquez,"Doug E. Doug, Mario Joyner, John Leguizamo",Comedy
104,Harlem Nights,1989,Eddie Murphy,"Eddie Murphy, Richard Pryor, Redd Foxx",Comedy
105,Hav Plenty,1997,Christopher Scott Cherot,"Christopher Scott Cherot, Chenoa Maxwell, Tammi Katherine Jones",Comedy
106,Head of State,2003,Chris Rock,"Chris Rock, Bernie Mac, Lynn Whitfield",Comedy
107,Heart Condition,1990,James D. Parriott,"Bob Hoskins, Denzel Washington, Chloe Webb",Comedy
108,Hollywood Shuffle,1987,Robert Townsend,"Robert Townsend, Craigus R. Johnson, Helen Martin",Comedy
109,Homie Spumoni,2006,Mike Cerrone,"Donald Faison, Jamie-Lynn Sigler, Whoopi Goldberg",Comedy
110,Hot Potato,1976,Oscar Williams,"Jim Kelly, George Memmoli, Geoffrey Binney",Comedy
111,House Party,1990,Reginald Hudlin,"Christopher Reid, Robin Harris, Christopher Martin",Comedy
112,House Party 2,1991,"George Jackson, Doug McHenry","Christopher Reid, Christopher Martin, Martin Lawrence",Comedy
113,House Party 3,1994,Eric Meza,"Christopher Reid, Christopher Martin, David Edwards",Comedy
114,How High,2001,Jesse Dylan,"Method Man, Redman, Obba Babatundé",Comedy
115,I Can Do Bad All By Myself,2009,Tyler Perry,"Tyler Perry, Taraji P. Henson, Adam Rodriguez",Comedy
116,I Got the Hook Up,1998,Michael Martin,"Master P, Anthony Johnson, Gretchen Palmer",Comedy
117,I Think I Love My Wife,2007,Chris Rock,"Chris Rock, Kerry Washington, Gina Torres",Comedy
118,Imagine That,2009,Karey Kirkpatrick,"Eddie Murphy, Thomas Haden Church, Yara Shahidi",Comedy
119,I'm Gonna Git You Sucka,1988,Keenen Ivory Wayans,"Keenen Ivory Wayans, Bernie Casey, Antonio Fargas",Comedy
120,Jackie's Back,1999,Robert Townsend,"Jenifer Lewis, Tim Curry, T.V. Blake",Comedy
121,"Jo Jo Dancer, Your Life is Calling",1986,Richard Pryor,"Richard Pryor, Debbie Allen, Art Evans",Comedy
122,Johnson Family Vacation,2004,Christopher Erskin,"Cedric the Entertainer, Shannon Elizabeth, Bow Wow",Comedy
123,Juke Joint,1947,Spencer Williams,"Spencer Williams, July Jones, Inez Newell",Comedy
124,Jump In!,2007,Paul Hoen,"Corbin Bleu, Keke Palmer, David Reivers",Comedy
125,Jumping the Broom,2011,Salim Akil,"Paula Patton, Laz Alonso, Angela Bassett",Comedy
126,Just Wright,2010,Sanaa Hamri,"Queen Latifah, Common, Paula Patton",Comedy
127,Juwanna Mann,2002,Jesse Vaughan,"Miguel A. Núñez Jr., Christopher Simmons, Vivica A. Fox",Comedy
128,Kingdom Come,2001,Doug McHenry,"LL Cool J, Jada Pinkett Smith, Vivica A. Fox",Comedy
129,Krush Groove,1985,Michael Schultz,"Sheila E., Joseph Simmons, Darryl McDaniels",Comedy
130,Last Holiday,2006,Wayne Wang,"Queen Latifah, LL Cool J, Timothy Hutton",Comedy
131,Let's Do It Again,1975,Sidney Poitier,"Sidney Poitier, Bill Cosby, Calvin Lockhart",Comedy
132,Life,1999,Ted Demme,"Eddie Murphy, Martin Lawrence, Obba Babatundé",Comedy
133,Life-Size,2000,Mark Rosman,"Lindsay Lohan, Jere Burns, Anne Marie DeLuise",Comedy
134,Like Mike,2002,John Schultz,"Bow Wow, Jonathan Lipnicki, Morris Chestnut",Comedy
135,Like Mike 2: Streetball,2006,David Nelson,"Jascha Washington, Kel Mitchell, Michael Beach",Comedy
136,Lilies of the Field,1963,Ralph Nelson,"Sidney Poitier, Lilia Skala, Lisa Mann",Comedy
137,Little Man,2006,Keenen Ivory Wayans,"Shawn Wayans, Marlon Wayans, Kerry Washington",Comedy
138,Livin' Large!,1991,Michael Schultz,"Terrence ‘T.C.’ Carson, Lisa Arrindell Anderson, Blanche Baker",Comedy
139,Lord All Men Can't Be Dogs,2011,T.J. Hemphill,"Vivica A. Fox, Christian Keyes, Elise Neal",Comedy
140,Lottery Ticket,2010,Erik White,"Bow Wow, Brandon T. Jackson, Naturi Naughton",Comedy
141,Love Don't Cost a Thing,2003,Troy Byer,"Nick Cannon, Christina Milian, Jordan Burg",Comedy
142,Made in America,1993,Richard Benjamin,"Whoopi Goldberg, Ted Danson, Will Smith",Comedy
143,Madea Goes to Jail,2009,Tyler Perry,"Tyler Perry, Keshia Knight Pulliam, Derek Luke",Comedy
144,Madea's Big Happy Family,2011,Tyler Perry,"Tyler Perry, Loretta Devine, Bow Wow",Comedy
145,Madea's Family Reunion,2006,Tyler Perry,"Tyler Perry, Blair Underwood, Lynn Whitfield",Comedy
146,Madea's Witness Protection,2012,Tyler Perry,"Tyler Perry, Eugene Levy, Denise Richards",Comedy
147,Major Payne,1995,Nick Castle,"Damon Wayans, Michael Ironside, Scott Bigalow",Comedy
148,Masquerade,2000,Roy Campanella II,"Simbi Khali, Cress Williams, Kellita Smith",Comedy
149,Meet Dave,2008,Brian Robbins,"Eddie Murphy, Elizabeth Banks, Gabrielle Union",Comedy
150,Meet the Browns,2008,Tyler Perry,"Tamela J. Mann, Angela Bassett, Tyler Perry",Comedy
151,Men in Black,1997,Barry Sonnenfeld,"Tommy Lee Jones, Will Smith, Linda Fiorentino",Comedy
152,Men in Black II,2002,Barry Sonnenfeld,"Tommy Lee Jones, Will Smith, Rip Torn",Comedy
153,Mississippi Masala,1991,Mira Nair,"Denzel Washington, Sarita Choudhury, Roshan Seth",Comedy
154,Mistaken Identity aka Murder with Music,1941,George P. Quigley,"Bob Howard, Milton Williams, Nellie Hill",Comedy
155,Mother Jugs and Speed,1976,Peter Yates,"Bill Cosby, Raquel Welch, Harvey Keitel",Comedy
156,Moving,1988,Alan Metter,"Richard Pryor, Beverly Todd, Stacey Dash",Comedy
157,Mo' Money,1992,Peter MacDonald,"Damon Wayans, Stacey Dash, Marlon Wayans",Comedy
158,Mr. 3000,2004,Charles Stone III,"Bernie Mac, Angela Bassett, Michael Rispoli",Comedy
159,National Security,2003,Dennis Dugan,"Martin Lawrence, Steve Zahn, Colm Feore",Comedy
160,Next Friday,2000,Steve Carr,"Ice Cube, Mike Epps, Justin Pierce",Comedy
161,Nora's Hair Salon,2004,Jerry LaMothe,"Tatyana Ali, Kristian Bernard, Bobby Brown",Comedy
162,Note to Self,2012,Trey Haley,"Christian Keyes, Richard T. Jones, Chidi Ajufo",Comedy
163,Old Dracula,1975,Clive Donner,"David Niven, Teresa Graves, Peter Bayliss",Comedy
164,Our Family Wedding,2010,Rick Famuyiwa,"America Ferrera, Forest Whitaker, Carlos Mencia",Comedy
165,Paradise in Harlem,1939,Joseph Seiden,"Frank H. Wilson, Mamie Smith, Norman Astwood",Comedy
166,Perfect Combination,2010,Trey Haley,"Christian Keyes, Tiffany Hines, Angell Conwell",Comedy
167,Perfect Holiday,2007,Lance Rivera,"Gabrielle Union, Morris Chestnut, Queen Latifah",Comedy
168,Petey Wheatstraw,1977,Cliff Roquemore,"Rudy Ray Moore, Jimmy Lynch, Leroy Daniels",Comedy
169,Phat Beach,1996,Doug Ellin,"Jermaine ‘Huggy’ Hopkins, Brian Hooks, Claudia Kaleem",Comedy
170,Phat Girlz,2006,Nnegest Likké,"Mo’Nique, Kendra C. Johnson, Jimmy Jean-Louis",Comedy
171,Pootie Tang,2001,Louis C.K.,"Chris Rock, Lance Crouther, J.B. Smoove",Comedy
172,Preaching to the Choir,2005,Charles Randolph-Wright,"Billoah Greene, Darien Sills-Evans, Novella Nelson",Comedy
173,Purlie Victorious aka Gone Are the Days,1963,Nicholas Webster,"Ossie Davis, Ruby Dee, Godfrey Cambridge",Comedy
174,Putney Swope,1969,Robert Downey Sr.,"Arnold Johnson, Stan Gottlieb, Allen Garfield",Comedy
175,Rage in Harlem,1991,Bill Duke,"Forest Whitaker, Gregory Hines, Robin Givens",Comedy
176,Rebound,2005,Steve Carr,"Martin Lawrence, Megan Mullally, Breckin Meyer",Comedy
177,Ride,1998,Millicent Shelton,"Melissa De Sousa, John Witherspoon, Cedric the Entertainer",Comedy
178,Roll Bounce,2005,Malcolm D. Lee,"Bow Wow, Nick Cannon, Meagan Good",Comedy
179,Rush Hour,1998,Brett Ratner,"Jackie Chan, Chris Tucker, Ken Leung",Comedy
180,Rush Hour 2,2001,Brett Ratner,"Jackie Chan, Chris Tucker, John Lone",Comedy
181,Rush Hour 3,2007,Brett Ratner,"Jackie Chan, Chris Tucker, Max von Sydow",Comedy
182,Sankofa,1993,Haile Gerima,"Kofi Ghanaba, Oyafunmike Ogunlano, Alexandra Duah",Comedy
183,School Daze,1988,Spike Lee,"Laurence Fishburne, Giancarlo Esposito, Tisha Campbell-Martin",Comedy
184,"See No Evil, Hear No Evil",1989,Arthur Hiller,"Richard Pryor, Gene Wilder, Joan Severance",Comedy
185,Seventeen Again,2000,Jeffrey W. Byrd,"Tia Mowry-Hardrict, Tamera Mowry-Housley, Mark Taylor",Comedy
186,She Hate Me,2004,Spike Lee,"Anthony Mackie, Kerry Washington, Ellen Barkin",Comedy
187,She's Gotta Have It,1986,Spike Lee,"Tracy Camilla Johns, Tommy Redmond Hicks, John Canada Terrell",Comedy
188,Silver Streak,1976,Arthur Hiller,"Gene Wilder, Richard Pryor, Jill Clayburgh",Comedy
189,Sister Act,1992,Emile Ardolino,"Whoopi Goldberg, Maggie Smith, Kathy Najimy",Comedy
190,Sister Act 2,1993,Bill Duke,"Whoopi Goldberg, Kathy Najimy, Maggie Smith",Comedy
191,Snow Dogs,2002,Brian Levant,"Cuba Gooding Jr., James Coburn, Sisqó",Comedy
192,Some Kind of Hero,1982,Michael Pressman,"Richard Pryor, Margot Kidder, Ray Sharkey",Comedy
193,Something New,2006,Sanaa Hamri,"Sanaa Lathan, Simon Baker, Golden Brooks",Comedy
194,Soul Food,1997,George Tillman Jr.,"Vanessa Williams, Vivica A. Fox, Nia Long",Comedy
195,Soul Men,2008,Malcolm D. Lee,"Samuel L. Jackson, Bernie Mac, Sharon Leal",Comedy
196,Soul Plane,2004, Jessy Terrero,"Dwayne Adway, Snoop Dogg, Tom Arnold",Comedy
197,Space Jam,1996,Joe Pytka,"Michael Jordan, Wayne Knight, Theresa Randle",Comedy
198,Sprung,1997,Rusty Cundieff,"Tisha Campbell-Martin, Rusty Cundieff, Paula Jai Parker",Comedy
199,Stir Crazy,1980,Sidney Poitier,"Gene Wilder, Richard Pryor, Georg Stanford Brown",Comedy
200,Strictly Business,1991,Kevin Hooks,"Tommy Davidson, Joseph C. Phillips, Anne-Marie Johnson",Comedy
201,Sunday Sinners,1940,Arthur Dreifuss,"Earl Sydnor, Norman Astwood, Edna Mae Harris",Comedy
202,Tap,1989,Nick Castle,"Gregory Hines, Suzzanne Douglas, Sammy Davis Jr.",Comedy
203,Thank God It’s Friday,1978,Robert Klane,"Donna Summer, Valerie Landsburg, Terri Nunn",Comedy
204,The Associate,1996,Donald Petrie,"Whoopi Goldberg, Dianne Wiest, Eli Wallach",Comedy
205,The Best Man,1999,Malcolm D. Lee,"Taye Diggs, Nia Long, Morris Chestnut",Comedy
206,The Breaks,1999,Eric Meza,"Isaiah Barnes, Paula Bel, Paul Benjamin",Comedy
207,The Brother From Another Planet,1984,John Sayles," Joe Morton, Daryl Edwards, Rosanna Carter",Comedy
208,The Brothers,2001,Gary Hardwick,"Morris Chestnut, Shemar Moore, D.L. Hughley",Comedy
209,The Cheetah Girls,2003,Oz Scott,"Raven-Symoné, Adrienne Bailon, Kiely Williams",Comedy
210,The Cheetah Girls 2,2006,Kenny Ortega,"Raven-Symoné, Adrienne Bailon, Sabrina Bryan",Comedy
211,The Cheetah Girls' One World,2008,Paul Hoen,"Adrienne Bailon, Sabrina Bryan, Kiely Williams",Comedy
212,The Cookout,2004,Lance Rivera,"Quran Pender, Jenifer Lewis, Ja Rule",Comedy
213,The Distinguished Gentleman,1992,Jonathan Lynn,"Eddie Murphy, Lane Smith, Sheryl Lee Ralph",Comedy
214,The Fighting Temptations,2003,Jonathan Lynn,"Cuba Gooding Jr., Beyoncé Knowles, Mike Epps",Comedy
215,The Fish that Saved Pittsburgh,1979,Gilbert Moses,"Julius Erving, Jonathan Winters, Meadowlark Lemon",Comedy
216,The Gods Must Be Crazy,1980,Jamie Uys,"N!xau, Marius Weyers, Sandra Prinsloo",Comedy
217,The Golden Child,1986,Michael Ritchie,"Eddie Murphy, J.L. Reate, Charles Dance",Comedy
218,The Great White Hype,1996,Reginald Hudlin,"Samuel L. Jackson, Jeff Goldblum, Damon Wayans",Comedy
219,The Human Tornado,1976,Cliff Roquemore,"Rudy Ray Moore, Lady Reed, Jimmy Lynch",Comedy
220,The Inkwell,1994,Matty Rich,"Larenz Tate, Joe Morton, Suzzanne Douglas",Comedy
221,The Ladies Man,2000,Reginald Hudlin,"Tim Meadows, Karyn Parsons, Billy Dee Williams",Comedy
222,The Landlord,1970,Hal Ashby,"Beau Bridges, Lee Grant, Diana Sands",Comedy
223,The Last Dragon,1985,Michael Schultz,"Taimak, Vanity, Christopher Murney",Comedy
224,The Longshots,2008,Fred Durst,"Ice Cube, Keke Palmer, Tasha Smith",Comedy
225,The Love Section,2013,Ronnie Warner,"Mekhi Phifer, Lawrence B. Adisa, Brian Hooks",Comedy
226,The Meteor Man,1993,Robert Townsend,"Robert Townsend, Marla Gibbs, Eddie Griffin",Comedy
227,The Monkey Hustle,1976,Arthur Marks,"Yaphet Kotto, Kirk Calloway, Thomas Carter",Comedy
228,The Nutty Professor,1996,Tom Shadyac,"Eddie Murphy, Jada Pinkett Smith, James Coburn",Comedy
229,The Old Settler,2001,Debbie Allen,"Phylicia Rashad, Debbie Allen, Bumper Robinson",Comedy
230,The Perfect Gift,2011,Alvin Moore Jr.,"Ruben Studdard, Golden Brooks, Buddy Lewis",Comedy
231,The Players Club,1998,Ice Cube,"LisaRaye, Dick Anthony Williams, Judyann Elder",Comedy
232,The Preacher’s Wife,1996,Penny Marshall,"Denzel Washington, Whitney Houston, Courtney B. Vance",Comedy
233,The Proud Family Movie,2005,Bruce W. Smith,"Kyla Pratt, Tommy Davidson, Paula Jai Parker",Comedy
234,The Skin Game,1971,Paul Bogart,"James Garner, Louis Gossett Jr., Susan Clark",Comedy
235,The Thing with Two Heads,1972,Lee Frost,"Roosevelt Grier, Ray Milland, Don Marshall",Comedy
236,The Toy,1982,Richard Donner,"Richard Pryor, Jackie Gleason, Ned Beatty",Comedy
237,The Wash,2001,DJ Pooh,"Dr. Dre, Snoop Dogg, Anthony Albano",Comedy
238,The Wood,1999,Rick Famuyiwa,"Elayn J. Taylor, Omar Epps, Richard T. Jones",Comedy
239,Think Like a Man,2012,Tim Story,"Chris Brown, Gabrielle Union, Kevin Hart",Comedy
240,This Christmas,2007,Preston A. Whitmore II,"Regina King, Columbus Short, Delroy Lindo",Comedy
241,Three Can Play That Game,2007,Samad Davis,"Vivica A. Fox, Jason George, Jazsmin Lewis",Comedy
242,Three Strikes,2000,DJ Pooh,"Brian Hooks, N’Bushe Wright, Faizon Love",Comedy
243,Trading Places,1983,John Landis,"Eddie Murphy, Dan Aykroyd, Ralph Bellamy",Comedy
244,Trippin’,1999,David Raynr,"Deon Richmond, Donald Faison, Guy Torry",Comedy
245,True Identity,1991,Charles Lane,"Lenny Henry, Frank Langella, Charles Lane",Comedy
246,Twitches,2005,Stuart Gillard,"Tia Mowry-Hardrict, Tamera Mowry-Housley, Kristen Wilson",Comedy
247,Two Can Play that Game,2001,Mark Brown,"Vivica A. Fox, Morris Chestnut, Anthony Anderson",Comedy
248,Under the Cherry Moon,1986,Prince,"Prince, Jerome Benton, Kristin Scott Thomas",Comedy
249,Undercover Brother,2002,Malcolm D. Lee,"Eddie Griffin, Denise Richards, Aunjanue Ellis",Comedy
250,Uptown Saturday Night,1974,Sidney Poitier,"Sidney Poitier, Bill Cosby, Harry Belafonte",Comedy
251,Vampire in Brooklyn,1995,Wes Craven,"Eddie Murphy, Angela Bassett, Allen Payne",Comedy
252,Waiting to Exhale,1995,Forest Whitaker,"Whitney Houston, Angela Bassett, Loretta Devine",Comedy
253,Watermelon Man,1970,Melvin Van Peebles,"Godfrey Cambridge, Estelle Parsons, Howard Caine",Comedy
254,Welcome Home Roscoe Jenkins,2008,Malcolm D. Lee,"Martin Lawrence, Louis C.K., James Earl Jones",Comedy
255,Which Way is Up?,1977,Michael Schultz,"Richard Pryor, Lonette McKee, Margaret Avery",Comedy
256,White Chicks,2004,Keenen Ivory Wayans,"Marlon Wayans, Shawn Wayans, Busy Philipps",Comedy
257,White Men Can’t Jump,1992,Ron Shelton,"Wesley Snipes, Woody Harrelson, Rosie Perez",Comedy
258,Who's The Man?,1993,Ted Demme,"Ed Lover, Doctor Dré, Badja Djola",Comedy
259,Why Did I Get Married Too?,2010,Tyler Perry,"Janet Jackson, Tyler Perry, Jill Scott",Comedy
260,Why Did I Get Married?,2007,Tyler Perry,"Tyler Perry, Janet Jackson, Sharon Leal",Comedy
261,Woo,1998,Daisy von Scherler Mayer,"Jada Pinkett Smith, Tommy Davidson, Duane Martin",Comedy
262,You Got Served,2004,Chris Stokes,"Omarion Grandberry, J-Boog, Raz B",Comedy
0,Across 110th Street,1972,Barry Shear,"Anthony Quinn, Yaphet Kotto, Anthony Franciosa",Blaxploitation
1,Bamboo Gods and Iron Men,1974,Cesar Gallardo,"James Iglehart, Shirley Washington, Chiquito",Blaxploitation
2,Bare Knuckles,1977,Don Edmonds,"Robert Viharo, Sherry Jackson, Michael Heit",Blaxploitation
3,Black Belt Jones,1974,Robert Clouse,"Jim Kelly, Gloria Hendry, Scatman Crothers",Blaxploitation
4,Black Caesar,1973,Larry Cohen,"Fred Williamson, Gloria Hendry, Art Lund",Blaxploitation
5,Black Eye,1974,Jack Arnold,"Fred Williamson, Rosemary Forsyth, Teresa Graves",Blaxploitation
6,Black Fist aka Bogard,1974,"Timothy Galfas, Richard Kaye","Richard Lawson, Annazette Chase, Philip Michael Thomas",Blaxploitation
7,Black Gunn,1972,Robert Hartford-Davis," Jim Brown, Martin Landau, Brenda Sykes",Blaxploitation
8,Black Heat,1976,Al Adamson,"Timothy Brown, Russ Tamblyn, Jana Bellan",Blaxploitation
9,"Black Mama, White Mama",1973,Eddie Romero,"Pam Grier, Margaret Markov, Sid Haig",Blaxploitation
10,Black Samson,1974,Charles Bail,"Rockne Tarkington, William Smith, Connie Strickland",Blaxploitation
11,Black Samurai,1977,Al Adamson,"Jim Kelly, Bill Roy, Roberto Contreras",Blaxploitation
12,Black Shampoo,1976,Greydon Clark,"John Daniels, Tanya Boyd, Joseph Carlo",Blaxploitation
13,Book of Numbers,1973,Raymond St. Jacques,"Raymond St. Jacques, Philip Michael Thomas, Freda Payne",Blaxploitation
14,Boss,1975,Jack Arnold,"Fred Williamson, D’Urville Martin, William Smith",Blaxploitation
15,Brotherhood of Death,1976,Bill Berry,"Roy Jefferson, Le Tari, Haskell V. Anderson III",Blaxploitation
16,Bucktown,1975,Arthur Marks,"Fred Williamson, Pam Grier, Thalmus Rasulala",Blaxploitation
17,Cleopatra Jones,1973,Jack Starrett,"Tamara Dobson, Bernie Casey, Brenda Sykes",Blaxploitation
18,Cleopatra Jones and the Casino of Gold,1975,Charles Bail,"Tamara Dobson, Stella Stevens, Ni Tien",Blaxploitation
19,Coffy,1973,Jack Hill,"Pam Grier, Booker Bradshaw, Robert DoQui",Blaxploitation
20,Come Back Charleston Blue,1972,Mark Warren,"Godfrey Cambridge, Raymond St. Jacques, Peter De Anda",Blaxploitation
21,Cool Breeze,1972,Barry Pollack,"Thalmus Rasulala, Judy Pace, James Watkins",Blaxploitation
22,Coonskin,1975,Ralph Bakshi,"Barry White, Charles Gordone, Scatman Crothers",Blaxploitation
23,Cotton Comes to Harlem,1970,Ossie Davis,"Godfrey Cambridge, Raymond St. Jacques, Calvin Lockhart",Blaxploitation
24,Death Dimension,1978,Al Adamson,"Jim Kelly, Harold Sakata, George Lazenby",Blaxploitation
25,Death Journey,1976,Fred Williamson,"Fred Williamson, Bernard Kirby, Art Maier",Blaxploitation
26,Deliver Us from Evil,1977,Horace Jackson,"Marie O’Henry, Renny Roker, Candi Keath",Blaxploitation
27,Detroit 9000,1973,Arthur Marks,"Hari Rhodes, Alex Rocco, Vonetta McGee",Blaxploitation
28,Diamonds aka Diamond Shaft,1975,Menahem Golan,"Robert Shaw, Richard Roundtree, Barbara Hershey",Blaxploitation
29,Disco Godfather,1979,J. Robert Wagoner,"Rudy Ray Moore, Carol Speed, Jimmy Lynch",Blaxploitation
30,Dolemite,1975,D’Urville Martin,"Rudy Ray Moore, D’Urville Martin, Jerry Jones",Blaxploitation
31,Dynamite Brothers,1974,Al Adamson,"Timothy Brown, Alan Tang, Aldo Ray",Blaxploitation
32,"Ebony, Ivory & Jade aka She Devil’s in Chains",1976,Cirio H. Santiago,"Rosanne Katon, Colleen Camp, Sylvia Anderson",Blaxploitation
33,Fight for Your Life,1977,Robert A. Endelson,"Robert Judd, Catherine Peppers, Lela Small",Blaxploitation
34,Final Comedown,1972,Oscar Williams,"Billy Dee Williams, D’Urville Martin, Celia Kaye",Blaxploitation
35,Foxy Brown,1974,Jack Hill,"Pam Grier, Antonio Fargas, Peter Brown",Blaxploitation
36,Friday Foster,1975,Arthur Marks,"Pam Grier, Yaphet Kotto, Godfrey Cambridge",Blaxploitation
37,Get Christie Love,1974,William A. Graham,"Teresa Graves, Harry Guardino, Louise Sorel",Blaxploitation
38,Gordon’s War,1973,Ossie Davis,"Paul Winfield, Carl Lee, David Downing",Blaxploitation
39,Hammer,1972,Bruce D. Clark,"Fred Williamson, Bernie Hamilton, Vonetta McGee",Blaxploitation
40,Hell Up in Harlem,1973,Larry Cohen,"Fred Williamson, Julius Harris, Gloria Hendry",Blaxploitation
41,Hit !,1973,Sidney J. Furie,"Billy Dee Williams, Richard Pryor, Paul Hampton",Blaxploitation
42,Hit Man,1972,George Armitage,"Bernie Casey, Pam Grier, Lisa Moore",Blaxploitation
43,Hot Potato,1976,Oscar Williams," Jim Kelly, George Memmoli, Geoffrey Binney",Blaxploitation
44,JD's Revenge,1976,Arthur Marks,"Glynn Turman, Louis Gossett Jr., Joan Pringle",Blaxploitation
45,Lady Cocoa,1975,Matt Cimber,"Lola Falana, Gene Washington, Alex Dreier",Blaxploitation
46,Mandingo,1975,Richard Fleischer,"James Mason, Susan George, Perry King",Blaxploitation
47,Mean Johnny Barrows,1976,Fred Williamson," Fred Williamson, Roddy McDowall, Stuart Whitman",Blaxploitation
48,Mean Mother,1974,"Al Adamson, León Klimovsky","Dobie Gray, Dennis Safren, Luciana Paluzzi",Blaxploitation
49,Pacific Inferno,1979,Rolf Bayer,"Jim Brown, Richard Jaeckel, Timothy Brown",Blaxploitation
50,Penitentiary,1979,Jamaa Fanaka,"Wilbur ‘Hi-Fi’ White, Leon Isaac Kennedy, Thommy Pollard",Blaxploitation
51,Poor Pretty Eddie,1975,"Richard Robinson, David Worth"," Leslie Uggams, Shelley Winters, Michael Christian",Blaxploitation
52,Scream Blacula Scream,1973,Bob Kelljan,"William Marshall, Don Mitchell, Pam Grier",Blaxploitation
53,Shaft,1971,Gordon Parks,"Richard Roundtree, Moses Gunn, Charles Cioffi",Blaxploitation
54,Shaft in Africa,1973, John Guillermin,"Richard Roundtree, Frank Finlay, Vonetta McGee",Blaxploitation
55,Shaft's Big Score,1972,Gordon Parks,"Richard Roundtree, Moses Gunn, Drew Bundini Brown",Blaxploitation
56,"Sheba, Baby",1975,William Girdler,"Pam Grier, Austin Stoker, D’Urville Martin",Blaxploitation
57,Slaughter,1972,Jack Starrett,"Jim Brown, Stella Stevens, Rip Torn",Blaxploitation
58,Slaughter's Big Ripoff,1973,Gordon Douglas,"Jim Brown, Ed McMahon, Don Stroud",Blaxploitation
59,Soul Brothers of Kung Fu,1977,Yi-Jung Hua,"Meng Lo, Carl Scott, Feng Ku",Blaxploitation
60,Superfly,1972,Gordon Parks Jr.,"Ron O’Neal, Carl Lee, Sheila Frazier",Blaxploitation
61,Sweet Sweetback’s Baadasssss Song,1971,Melvin Van Peebles,"Melvin Van Peebles, Simon Chuckster, Hubert Scales",Blaxploitation
62,That Man Bolt,1973,"Henry Levin, David Lowell Rich","Fred Williamson, Byron Webster, Miko Mayama",Blaxploitation
63,The Arena,1974,Steve Carver,"Margaret Markov, Pam Grier, Lucretia Love",Blaxploitation
64,The Beast Must Die,1974,Paul Annett,"Calvin Lockhart, Peter Cushing, Marlene Clark",Blaxploitation
65,The Big Bird Cage,1972,Jack Hill,"Pam Grier, Anitra Ford, Candice Roman",Blaxploitation
66,The Big Doll House,1971,Jack Hill,"Roberta Collins, Pam Grier, Judith Brown",Blaxploitation
67,The Black Gestapo,1975,Lee Frost,"Rod Perry, Charles Robinson, Phil Hoover",Blaxploitation
68,The Black Godfather,1974,John Evans,"Rod Perry, Damu King, Don Chastain",Blaxploitation
69,The Black Six,1973,Matt Cimber,"Robert Howard, Cindy Daly, Mikel Angel",Blaxploitation
70,The Candy Tangerine Man,1975,Matt Cimber,"John Daniels, Eli Haines, Tom Hankason",Blaxploitation
71,The Education of Sonny Carson,1974,Michael Campus,"Rony Clanton, Don Gordon, Joyce Walker",Blaxploitation
72,The Glove,1979,Ross Hagen,"John Saxon, Roosevelt Grier, Joanna Cassidy",Blaxploitation
73,The Harder they Come,1972,Perry Henzell,"Jimmy Cliff, Janet Bartley, Carl Bradshaw",Blaxploitation
74,The Hitter,1979,Christopher Leitch,"Ron O’Neal, Sheila Frazier, Adolph Caesar",Blaxploitation
75,The Human Tornado,1976,Cliff Roquemore,"Rudy Ray Moore, Lady Reed, Jimmy Lynch",Blaxploitation
76,The Mack,1973,Michael Campus,"Max Julien, Don Gordon, Richard Pryor",Blaxploitation
77,The Muthers,1976,Cirio H. Santiago,"Jeannie Bell, Rosanne Katon, Trina Parks",Blaxploitation
78,The Night of the Strangler aka Is the Father Black Enough?,1972,Joy N. Houck Jr,"Micky Dolenz, James Ralston, Michael Anthony",Blaxploitation
79,The Slams,1973,Jonathan Kaplan,"Jim Brown, Judy Pace, Roland Bob Harris",Blaxploitation
80,The Spook Who Sat by The Door,1973,Ivan Dixon,"Lawrence Cook, Janet League, Paula Kelly",Blaxploitation
81,The Take,1974,Robert Hartford-Davis,"Billy Dee Williams, Eddie Albert, Frankie Avalon",Blaxploitation
82,Thomasine and Bushrod,1974,Gordon Parks Jr.,"Max Julien, Vonetta McGee, George Murdock",Blaxploitation
83,Three the Hard Way,1974,Gordon Parks Jr.,"Jim Brown, Fred Williamson, Jim Kelly",Blaxploitation
84,Tick Tick Tick,1970, Ralph Nelson,"Jim Brown, George Kennedy, Fredric March",Blaxploitation
85,TNT Jackson,1974,Cirio H. Santiago,"Jeannie Bell, Stan Shaw, Pat Anderson",Blaxploitation
86,Trick Baby,1972,Larry Yust,"Kiel Martin, Mel Stewart, Dallas Edward Hayes",Blaxploitation
87,Trouble Man,1972,Ivan Dixon,"Robert Hooks, Paul Winfield, Ralph Waite",Blaxploitation
88,Truck Turner,1974,Jonathan Kaplan,"Isaac Hayes, Yaphet Kotto, Alan Weeks",Blaxploitation
89,Velvet Smooth,1976,Michael Fink,"Johnnie Hill, Owen Watson, Emerson Boozer",Blaxploitation
90,Way of the Black Dragon,1979,Chih Chen,"Ron Van Clief, Charles Bonet, Lau Chan",Blaxploitation
91,Welcome Home Brother Charles aka Soul Vengeance,1975,Jamaa Fanaka,"Marlo Monte, Reatha Grey, Stan Kamber",Blaxploitation
92,Willie Dynamite,1974,Gilbert Moses,"Roscoe Orman, Diana Sands, Thalmus Rasulala",Blaxploitation
0,30 Years to Life,2001,Vanessa Middleton,"Erika Alexander, Melissa De Sousa, Tracy Morgan",Romance
1,35 and Ticking,2011,Russ Parr,"Tamala Jones, Nicole Ari Parker, Kevin Hart",Romance
2,A Patch of Blue,1965,Guy Green,"Sidney Poitier, Shelley Winters, Elizabeth Hartman",Romance
3,A Warm December,1973,Sidney Poitier,"Sidney Poitier, Ester Anderson, Yvette Curtis",Romance
4,Aaron Loves Angela,1975,Gordon Parks Jr.,"Moses Gunn, Kevin Hooks, Irene Cara",Romance
5,All About You,2001,Christine Swanson,"Renee Goldsberry, Terron Brooks, Debbie Allen",Romance
6,American Son,2008,Neil Abramson,"Nick Cannon, Matt Sigloch, Dotan Baer",Romance
7,An Officer and a Gentleman,1982,Taylor Hackford,"Richard Gere, Debra Winger, David Keith",Romance
8,Antwone Fisher,2002,Denzel Washington,"Denzel Washington, Derek Luke, Joy Bryant",Romance
9,Boomerang,1992,Reginald Hudlin,"Eddie Murphy, Robin Givens, Halle Berry",Romance
10,Breakin' All the Rules,2004,Daniel Taplitz,"Jamie Foxx, Gabrielle Union, Morris Chestnut",Romance
11,Brooklyn Babylon,2001,Marc Levin,"Tariq Trotter, Karen Starc, Bonz Malone",Romance
12,Brown Sugar,2002,Rick Famuyiwa,"Taye Diggs, Sanaa Lathan, Mos Def",Romance
13,Car Wash,1976,Michael Schultz,"Richard Pryor, Franklyn Ajaye, Darrow Igus",Romance
14,Carmen Jones,1954,Otto Preminger,"Harry Belafonte, Dorothy Dandridge, Pearl Bailey",Romance
15,Cheaper to Keep Her,2011, Je’Caryous Johnson,"Margot Boecker, Vivica A. Fox, Jason Gray-Stanford",Romance
16,Cinderella,1997,Robert Iscove,"Brandy Norwood, Whoopi Goldberg, Bernadette Peters",Romance
17,Cinderella Liberty,1973,Mark Rydell,"James Caan, Marsha Mason, Kirk Calloway",Romance
18,Claudine,1974,John Berry,"Diahann Carroll, James Earl Jones, Lawrence Hilton-Jacobs",Romance
19,Coming to America,1988,John Landis,"Eddie Murphy, Arsenio Hall, James Earl Jones",Romance
20,Commitments,2001,Carol Mayes,"Michael Greene, Howard S. Miller, Virginia Capers",Romance
21,Cooley High,1975,Michael Schultz,"Glynn Turman, Lawrence Hilton-Jacobs, Garrett Morris",Romance
22,"Corrina, Corrina",1994,Jessie Nelson,"Ray Liotta, Whoopi Goldberg, Tina Majorino",Romance
23,Daddy's Little Girls,2007,Tyler Perry,"Gabrielle Union, Idris Elba, Tracee Ellis Ross",Romance
24,Daughters of the Dust,1991,Julie Dash,"Cora Lee Day, Alva Rogers, Barbarao",Romance
25,Deliver Us from Eva,2003,Gary Hardwick,"Gabrielle Union, LL Cool J, Essence Atkins",Romance
26,Diary of a Mad Black Woman,2005,Darren Grant,"Kimberly Elise, Steve Harris, Tyler Perry",Romance
27,Disappearing Acts,2000,Gina Prince-Bythewood,"Sanaa Lathan, Wesley Snipes, Michael Imperioli",Romance
28,Don't Play Us Cheap,1973,Melvin Van Peebles,"Thomas Anderson, Jay Van Leer, Robert Dunn",Romance
29,Double Wedding,2010,Craig Pryce,"Tamera Mowry-Housley, Tia Mowry-Hardrict, O.T. Fagbenle",Romance
30,Down to Earth,2001,"Chris Weitz, Paul Weitz","Chris Rock, Regina King, Chazz Palminteri",Romance
31,Drumline,2002,Charles Stone III,"Nick Cannon, Zoe Saldana, Orlando Jones",Romance
32,Feast of All Saints,2001,Peter Medak,"Robert Ri’chard, Peter Gallagher, Gloria Reuben",Romance
33,Fire & Ice,2001,Bryan Goeres,"Lark Voorhies, Kadeem Hardison, Glynn Turman",Romance
34,For Love of Ivy,1968,Daniel Mann,"Sidney Poitier, Abbey Lincoln, Beau Bridges",Romance
35,"Georgia, Georgia",1972,Stig Björkman,"Dirk Benedict, Lars-Erik Berenett, Stig Engström",Romance
36,Getting Played,2006,David Silberg,"Vivica A. Fox, Bill Bellamy, Carmen Electra",Romance
37,Gone With the Wind,1939,Victor Fleming,"Clark Gable, Vivien Leigh, Thomas Mitchell",Romance
38,Good Deeds,2012,Tyler Perry,"Tyler Perry, Gabrielle Union, Thandie Newton",Romance
39,Guess Who,2005,Kevin Rodney Sullivan,"Ashton Kutcher, Bernie Mac, Zoe Saldana",Romance
40,Hidden Blessings,2000,Timothy Wayne Folsome,"Cynda Williams, Marc Gomes, Kim Fields",Romance
41,Higher Learning,1995, John Singleton,"Omar Epps, Kristy Swanson, Michael Rapaport",Romance
42,House Party,1990,Reginald Hudlin,"Christopher Reid, Robin Harris, Christopher Martin",Romance
43,House Party 3,1994,Eric Meza,"Christopher Reid, Christopher Martin, David Edwards",Romance
44,How Stella Got Her Groove Back,1998,Kevin Rodney Sullivan,"Angela Bassett, Taye Diggs, Whoopi Goldberg",Romance
45,I Think I Love My Wife,2007,Chris Rock,"Chris Rock, Kerry Washington, Gina Torres",Romance
46,Imitation of Life 1934,1934,John M. Stahl,"Claudette Colbert, Warren William, Rochelle Hudson",Romance
47,Imitation of Life 1959,1959,Douglas Sirk,"Lana Turner, John Gavin, Sandra Dee",Romance
48,Island in the Sun,1957,Robert Rossen,"James Mason, Joan Fontaine, Dorothy Dandridge",Romance
49,Jump In!,2007,Paul Hoen,"Corbin Bleu, Keke Palmer, David Reivers",Romance
50,Jungle Fever,1991,Spike Lee,"Wesley Snipes, Annabella Sciorra, Spike Lee",Romance
51,Just Wright,2010,Sanaa Hamri,"Queen Latifah, Common, Paula Patton",Romance
52,Juwanna Mann,2002, Jesse Vaughan,"Miguel A. Núñez Jr., Christopher Simmons, Vivica A. Fox",Romance
53,Love and Basketball,2000,Gina Prince-Bythewood,"Sanaa Lathan, Omar Epps, Glenndon Chatman",Romance
54,Love Chronicles,2003,Tyler Maddox-Simms," Terrence Howard, Caroline Whitney Smith, Monica Calhoun",Romance
55,Love Don’t Cost a Thing,2003,Troy Byer,"Nick Cannon, Christina Milian, Jordan Burg",Romance
56,Love Jones,1997,Theodore Witcher,"Larenz Tate, Nia Long, Isaiah Washington",Romance
57,Madea’s Family Reunion,2006,Tyler Perry,"Tyler Perry, Blair Underwood, Lynn Whitfield",Romance
58,Mahogany,1975,Berry Gordy,"Diana Ross, Billy Dee Williams, Anthony Perkins",Romance
59,Mandingo,1975,Richard Fleischer,"James Mason, Susan George, Perry King",Romance
60,Masquerade,2000,Roy Campanella II,"Simbi Khali, Cress Williams, Kellita Smith",Romance
61,Medicine for Melancholy,2008,Barry Jenkins,"Wyatt Cenac, Tracey Heggins, Elizabeth Acker",Romance
62,Meet the Browns,2008,Tyler Perry,"Tamela J. Mann, Angela Bassett, Tyler Perry",Romance
63,Miracle in Harlem,1948,Jack Kemp,"Sheila Guyse, Stepin Fetchit, Hilda Offley",Romance
64,Mississippi Masala,1991,Mira Nair,"Denzel Washington, Sarita Choudhury, Roshan Seth",Romance
65,Monster's Ball,2001,Marc Forster,"Billy Bob Thornton, Halle Berry, Taylor Simpson",Romance
66,Moon Over Harlem,1939,Edgar G. Ulmer,"Buddy Harris, Cora Green, Izinetta Wilcox",Romance
67,Mo' Money,1992,Peter MacDonald,"Damon Wayans, Stacey Dash, Marlon Wayans",Romance
68,Mr. 3000,2004,Charles Stone III,"Bernie Mac, Angela Bassett, Michael Rispoli",Romance
69,Not Easily Broken,2009,Bill Duke,"Morris Chestnut, Taraji P. Henson, Maeve Quinlan",Romance
70,Note to Self,2012,Trey Haley,"Christian Keyes, Richard T. Jones, Chidi Ajufo",Romance
71,Nothing But a Man,1964,Michael Roemer,"Ivan Dixon, Abbey Lincoln, Julius Harris",Romance
72,Once Upon a Time When We Were Colored,1995,Tim Reid,"Al Freeman Jr., Phylicia Rashad, Leon",Romance
73,One Week,2000,Carl Seaton,"Kenny Young, Saadiqa Muhammad, Eric Lane",Romance
74,Our Family Wedding,2010,Rick Famuyiwa,"America Ferrera, Forest Whitaker, Carlos Mencia",Romance
75,Perfect Combination,2010,Trey Haley,"Christian Keyes, Tiffany Hines, Angell Conwell",Romance
76,Perfect Man,2011,Paul D. Hannah,"Malika Blessing, Maya Gilbert, Christian Keyes",Romance
77,Playas Ball,2003, Jennifer Harper,"Allen Payne, Elise Neal, Anthony ‘Treach’ Criss",Romance
78,Poetic Justice,1993,John Singleton,"Janet Jackson, Tupac Shakur, Regina King",Romance
79,Purple Rain,1984,Albert Magnoli,"Prince, Apollonia Kotero, Morris Day",Romance
80,She's Gotta Have It,1986,Spike Lee,"Tracy Camilla Johns, Tommy Redmond Hicks, John Canada Terrell",Romance
81,Something New,2006,Sanaa Hamri,"Sanaa Lathan, Simon Baker, Golden Brooks",Romance
82,Stomp the Yard,2007,Sylvain White,"Columbus Short, Meagan Good, Ne-Yo",Romance
83,Strictly Business,1991,Kevin Hooks,"Tommy Davidson, Joseph C. Phillips, Anne-Marie Johnson",Romance
84,The Bodyguard,1992,Mick Jackson,"Kevin Costner, Whitney Houston, Gary Kemp",Romance
85,The Brother From Another Planet,1984,John Sayles,"Joe Morton, Daryl Edwards, Rosanna Carter",Romance
86,The Great White Hope,1970,Martin Ritt,"James Earl Jones, Jane Alexander, Lou Gilbert",Romance
87,The Inkwell,1994,Matty Rich,"Larenz Tate, Joe Morton, Suzzanne Douglas",Romance
88,The Love Section,2013,Ronnie Warner,"Mekhi Phifer, Lawrence B. Adisa, Brian Hooks",Romance
89,The Nutty Professor,1996,Tom Shadyac,"Eddie Murphy, Jada Pinkett Smith, James Coburn",Romance
90,The Skin Game,1971,Paul Bogart,"James Garner, Louis Gossett Jr., Susan Clark",Romance
91,The Story of a Three Day Pass,1968,Melvin Van Peebles,"Harry Baird, Pierre Doris, Christian Marin",Romance
92,The Wood,1999,Rick Famuyiwa,"Elayn J. Taylor, Omar Epps, Richard T. Jones",Romance
93,Their Eyes Were Watching God,2005,Darnell Martin,"Halle Berry, Ruben Santiago-Hudson, Michael Ealy",Romance
94,Think Like a Man,2012,Tim Story,"Chris Brown, Gabrielle Union, Kevin Hart",Romance
95,This Christmas,2007,Preston A. Whitmore II,"Regina King, Columbus Short, Delroy Lindo",Romance
96,Three Can Play That Game,2007,Samad Davis,"Vivica A. Fox, Jason George, Jazsmin Lewis",Romance
97,Trois,2000,Rob Hardy,"Gary Dourdan, Gretchen Palmer, Kenya Moore",Romance
98,Two Can Play that Game,2001,Mark Brown,"Vivica A. Fox, Morris Chestnut, Anthony Anderson",Romance
99,Vampire in Brooklyn,1995,Wes Craven,"Eddie Murphy, Angela Bassett, Allen Payne",Romance
100,Waiting to Exhale,1995,Forest Whitaker,"Whitney Houston, Angela Bassett, Loretta Devine",Romance
101,Welcome Home Roscoe Jenkins,2008,Malcolm D. Lee,"Martin Lawrence, Louis C.K., James Earl Jones",Romance
102,Why Did I Get Married Too?,2010,Tyler Perry," Janet Jackson, Tyler Perry, Jill Scott",Romance
103,Within Our Gates,1920,Oscar Micheaux,"Evelyn Preer, Flo Clements, James D. Ruffin",Romance
104,Woo,1998,Daisy von Scherler Mayer,"Jada Pinkett Smith, Tommy Davidson, Duane Martin",Romance
105,Zebrahead,1992,Anthony Drazan,"Michael Rapaport, DeShonn Castle, Kevin Corrigan",Romance
0,"10,000 Black Men Named George",2002,Robert Townsend,"Andre Braugher, Charles S. Dutton, Mario Van Peebles",Drama
1,30 Years to Life,2001,Vanessa Middleton,"Erika Alexander, Melissa De Sousa, Tracy Morgan",Drama
2,A Family Thing,1996,Richard Pearce,"Robert Duvall, James Earl Jones, Michael Beach",Drama
3,A Gathering of Old Men,1987,Volker Schlöndorff,"Louis Gossett Jr., Richard Widmark, Holly Hunter",Drama
4,A Hero Ain't Nothing But a Sandwich,1978,Ralph Nelson,"Cicely Tyson, Paul Winfield, Larry B. Scott",Drama
5,A Lesson Before Dying,1999,Joseph Sargent,"Don Cheadle, Cicely Tyson, Mekhi Phifer",Drama
6,A Man Called Adam,1966,Leo Penn,"Sammy Davis Jr., Ossie Davis, Cicely Tyson",Drama
7,A Patch of Blue,1965,Guy Green,"Sidney Poitier, Shelley Winters, Elizabeth Hartman",Drama
8,A Private Affair,2000,Michael Toshiyuki Uno,"Vanessa Bell Calloway, Clifton Powell, Lou Myers",Drama
9,A Raisin in the Sun,1961,Daniel Petrie,"Sidney Poitier, Claudia McNeil, Ruby Dee",Drama
10,A Raisin in the Sun,2008,Kenny Leon,"Sean Combs, Sanaa Lathan, Audra McDonald",Drama
11,A Soldier’s Story,1984,Norman Jewison,"Howard E. Rollins Jr., Adolph Caesar, Art Evans",Drama
12,A Thousand Words,2012,Brian Robbins,"Eddie Murphy, Cliff Curtis, Kerry Washington",Drama
13,A Time to Kill,1996,Joel Schumacher,"Matthew McConaughey, Sandra Bullock, Samuel L. Jackson",Drama
14,A Warm December,1973,Sidney Poitier,"Sidney Poitier, Ester Anderson, Yvette Curtis",Drama
15,A Woman Called Moses,1978,Paul Wendkos,"Cicely Tyson, Orson Welles, Will Geer",Drama
16,Aaron Loves Angela,1975,Gordon Parks Jr.,"Moses Gunn, Kevin Hooks, Irene Cara",Drama
17,"Abar, the First Black Superman",1977,Frank Packard,"J. Walter Smith, Tobar Mayo, Roxie Young",Drama
18,Above the Rim,1994, Jeff Pollack,"Duane Martin, Tupac Shakur, Leon",Drama
19,Across 110th Street,1972,Barry Shear,"Anthony Quinn, Yaphet Kotto, Anthony Franciosa",Drama
20,Akeelah and the Bee,2006,Doug Atchison,"Angela Bassett, Laurence Fishburne, Keke Palmer",Drama
21,Alex Haley’s Queen,1993,John Erman,"Halle Berry, Christopher Allport, Ann-Margret",Drama
22,Ali,2001,Michael Mann,"Will Smith, Jamie Foxx, Jon Voight",Drama
23,All About You,2001,Christine Swanson,"Renee Goldsberry, Terron Brooks, Debbie Allen",Drama
24,Always Outnumbered,1998,Michael Apted,"Laurence Fishburne, Bill Cobbs, Natalie Cole",Drama
25,American Gangster,2007,Ridley Scott,"Denzel Washington, Russell Crowe, Chiwetel Ejiofor",Drama
26,American Son,2008,Neil Abramson,"Nick Cannon, Matt Sigloch, Dotan Baer",Drama
27,American Violet,2008,Tim Disney,"Nicole Beharie, Will Patton, Alfre Woodard",Drama
28,America's Dream,1996,"Paris Barclay, Bill Duke, Kevin Rodney Sullivan","Danny Glover, Wesley Snipes, Lorraine Toussaint",Drama
29,Amistad,1997,Steven Spielberg,"Djimon Hounsou, Matthew McConaughey, Anthony Hopkins",Drama
30,An Officer and a Gentleman,1982,Taylor Hackford,"Richard Gere, Debra Winger, David Keith",Drama
31,Anna Lucasta,1958,Arnold Laven,"Eartha Kitt, Sammy Davis Jr., Frederick O’Neal",Drama
32,Antwone Fisher,2002,Denzel Washington,"Denzel Washington, Derek Luke, Joy Bryant",Drama
33,Are We Done Yet?,2007,Steve Carr,"Ice Cube, Nia Long, John C. McGinley",Drama
34,Are We There Yet?,2005,Brian LeVant,"Ice Cube, Nia Long, Aleisha Allen",Drama
35,Autobiography of Miss Jane Pittman,1974,John Korty,"Cicely Tyson, Eric Brown, Richard Dysart",Drama
36,Baadasssss!,2003,Mario Van Peebles,"Mario Van Peebles, Nia Long, Joy Bryant",Drama
37,Baby Boy,2001,John Singleton,"AlexSandra Wright, Tyrese Gibson, Taraji P. Henson",Drama
38,Backstairs at the White House,1979,Michael O’Herlihy,"Olivia Cole, Leslie Uggams, Louis Gossett Jr.",Drama
39,Ballad in Blue,1964,Paul Henreid,"Ray Charles, Tom Bell, Mary Peach",Drama
40,Bamboo Gods and Iron Men,1974,Cesar Gallardo,"James Iglehart, Shirley Washington, Chiquito",Drama
41,Bamboozled,2000,Spike Lee,"Damon Wayans, Savion Glover, Jada Pinkett Smith",Drama
42,Barbershop,2002,Tim Story,"Ice Cube, Cedric the Entertainer, Eve",Drama
43,Barbershop 2: Back in Business,2004,Kevin Rodney Sullivan,"Ice Cube, Cedric the Entertainer, Eve",Drama
44,Beat Street,1984,Stan Lathan,"Rae Dawn Chong, Guy Davis, Jon Chardiet",Drama
45,Belly,1998,Hype Williams,"Nas, DMX, Taral Hicks",Drama
46,Beloved,1998,Jonathan Demme,"Oprah Winfrey, Danny Glover, Thandie Newton",Drama
47,Biker Boyz,2003,Reggie Rock Bythewood,"Laurence Fishburne, Derek Luke, Orlando Jones",Drama
48,Bird,1988,Clint Eastwood,"Forest Whitaker, Diane Venora, Michael Zelniker",Drama
49,Black Brigade aka Carter’s Army,1970,George McCowan,"Stephen Boyd, Robert Hooks, Susan Oliver",Drama
50,Black Caesar,1973,Larry Cohen,"Fred Williamson, Gloria Hendry, Art Lund",Drama
51,Black Cobra 2,1990,Edoardo Margheriti,"Fred Williamson, Nicholas Hammond, Emma Hoagland",Drama
52,Black Girl,1972,Ossie Davis,"Brock Peters, Claudia McNeil, Leslie Uggams",Drama
53,Black Heat,1976,Al Adamson,"Timothy Brown, Russ Tamblyn, Jana Bellan",Drama
54,Black Klansman,1966,Ted V. Mikels,"Richard Gilden, Rima Kutner, Harry Lovejoy",Drama
55,Black Like Me,1964,Carl Lerner,"James Whitmore, Sorrell Booke, Roscoe Lee Browne",Drama
56,"Black Mama, White Mama",1973,Eddie Romero,"Pam Grier, Margaret Markov, Sid Haig",Drama
57,Black Samson,1974,Charles Bail,"Rockne Tarkington, William Smith, Connie Strickland",Drama
58,Black Shampoo,1976,Greydon Clark,"John Daniels, Tanya Boyd, Joseph Carlo",Drama
59,Black Sisters Revenge aka Emma Mae,1976,Jamaa Fanaka,"Jerri Hayes, Ernest Williams II, Charles D. Brooks III",Drama
60,Blood Done Sign My Name,2010,Jeb Stuart,"Michael Rooker, Ricky Schroder, Nick Searcy",Drama
61,Blue Collar,1978,Paul Schrader,"Richard Pryor, Harvey Keitel, Yaphet Kotto",Drama
62,Blue Hill Avenue,2001,Craig Ross Jr.,"Allen Payne, Angelle Brooks, Michael Taliferro",Drama
63,Body and Soul,1925,Oscar Micheaux,"Paul Robeson, Marshall Rogers, Lawrence Chenault",Drama
64,Body and Soul,1981,George Bowers,"Leon Isaac Kennedy, Jayne Kennedy, Perry Lang",Drama
65,Boesman and Lena,2000,John Berry,"Danny Glover, Angela Bassett, Willie Jonah",Drama
66,Bone,1972,Larry Cohen,"Yaphet Kotto, Andrew Duggan, Joyce Van Patten",Drama
67,Book of Numbers,1973,Raymond St. Jacques,"Raymond St. Jacques, Philip Michael Thomas, Freda Payne",Drama
68,Boomerang,1992,Reginald Hudlin,"Eddie Murphy, Robin Givens, Halle Berry",Drama
69,Bopha!,1993,Morgan Freeman,"Danny Glover, Malcolm McDowell, Alfre Woodard",Drama
70,Boycott,2001,Clark Johnson,"Jeffrey Wright, Terrence Howard, CCH Pounder",Drama
71,Boyz 'N the Hood,1991, John Singleton,"Cuba Gooding Jr., Laurence Fishburne, Hudhail Al-Amir",Drama
72,Brian's Song,1971,Buzz Kulik,"James Caan, Billy Dee Williams, Jack Warden",Drama
73,Bright Road,1953,Gerald Mayer,"Dorothy Dandridge, Philip Hepburn, Harry Belafonte",Drama
74,Broken Strings,1940,Bernard B. Ray,"Clarence Muse, Sybil Lewis, William Washington",Drama
75,Brooklyn Babylon,2001,Marc Levin,"Tariq Trotter, Karen Starc, Bonz Malone",Drama
76,Brother John,1971, James Goldstone,"Sidney Poitier, Will Geer, Bradford Dillman",Drama
77,Brother to Brother,2004,Rodney Evans,"Anthony Mackie, Lawrence Gilliard Jr., Duane Boutte",Drama
78,Brown Sugar,2002,Rick Famuyiwa,"Taye Diggs, Sanaa Lathan, Mos Def",Drama
79,Brubaker,1980,Stuart Rosenberg,"Robert Redford, Yaphet Kotto, Morgan Freeman",Drama
80,Buck and the Preacher,1972,Sidney Poitier,"Sidney Poitier, Harry Belafonte, Ruby Dee",Drama
81,Bucktown,1975,Arthur Marks,"Fred Williamson, Pam Grier, Thalmus Rasulala",Drama
82,Buffalo Soldiers,1997,Charles Haid,"Lamont Bentley, Tom Bower, Timothy Busfield",Drama
83,Bush Mama,1979,Haile Gerima,"Barbarao, Johnny Weathers, Susan Williams",Drama
84,Cabin in the Sky,1943,Vincente Minnelli,"Ethel Waters, Eddie ‘Rochester’ Anderson, Lena Horne",Drama
85,Car Wash,1976,Michael Schultz,"Richard Pryor, Franklyn Ajaye, Darrow Igus",Drama
86,Carmen Jones,1954,Otto Preminger,"Harry Belafonte, Dorothy Dandridge, Pearl Bailey",Drama
87,Carmen: A Hip Hopera,2001,Robert Townsend,"Mekhi Phifer, Beyoncé Knowles, Mos Def",Drama
88,Carter's Army aka Black Brigade,1970,George McCowan,"Stephen Boyd, Robert Hooks, Susan Oliver",Drama
89,Catfish in Black Bean Sauce,1999,Chi Muoi Lo,"Chi Muoi Lo, Sanaa Lathan, Paul Winfield",Drama
90,Caught Up,1998,Darin Scott,"Bokeem Woodbine, Cynda Williams, Damon Saleem",Drama
91,Chasing Secrets aka The Secret Path,1999,Bruce Pittman,"Della Reese, Crystal Bernard, Madeline Zima",Drama
92,Cinderella Liberty,1973,Mark Rydell,"James Caan, Marsha Mason, Kirk Calloway",Drama
93,Civil Brand,2002,Neema Barnette,"LisaRaye, N’Bushe Wright, Mos Def",Drama
94,Claudine,1974,John Berry,"Diahann Carroll, James Earl Jones, Lawrence Hilton-Jacobs",Drama
95,Clockers,1995,Spike Lee,"Harvey Keitel, John Turturro, Delroy Lindo",Drama
96,Clover,1997,Jud Taylor,"Elizabeth McGovern, Ernie Hudson, Zelda Harris",Drama
97,Coach Carter,2005,Thomas Carter,"Samuel L. Jackson, Rick Gonzalez, Robert Ri’chard",Drama
98,College Road Trip,2008,Roger Kumble,"Raven-Symoné, Martin Lawrence, Kym Whitley",Drama
99,Coming to America,1988,John Landis,"Eddie Murphy, Arsenio Hall, James Earl Jones",Drama
100,Constellation,2005,Jordan Walker-Pearlman,"Gabrielle Union, Billy Dee Williams, Zoe Saldana",Drama
101,Cool Breeze,1972,Barry Pollack,"Thalmus Rasulala, Judy Pace, James Watkins",Drama
102,Cooley High,1975,Michael Schultz,"Glynn Turman, Lawrence Hilton-Jacobs, Garrett Morris",Drama
103,Coonskin,1975,Ralph Bakshi,"Barry White, Charles Gordone, Scatman Crothers",Drama
104,Cora Unashamed,2000,Deborah Pratt,"Regina Taylor, Cherry Jones, Ellen Muth",Drama
105,"Cornbread, Earl and Me",1975,Joseph Manduke,"Moses Gunn, Rosalind Cash, Bernie Casey",Drama
106,"Corrina, Corrina",1994,Jessie Nelson,"Ray Liotta, Whoopi Goldberg, Tina Majorino",Drama
107,Corrupt,1999,Albert Pyun,"Silkk Tha Shocker, Ice-T, Tarsha Nicole Jones",Drama
108,Courage Under Fire,1996,Edward Zwick,"Denzel Washington, Meg Ryan, Lou Diamond Phillips",Drama
109,Cover,2007,Bill Duke,"Aunjanue Ellis, Razaaq Adoti, Vivica A. Fox",Drama
110,Crash,2004,Paul Haggis,"Don Cheadle, Sandra Bullock, Thandie Newton",Drama
111,Crooklyn,1994,Spike Lee,"Alfre Woodard, Delroy Lindo, David Patrick Kelly",Drama
112,Cry Freedom,1987,Richard Attenborough,"Denzel Washington, Kevin Kline, Josette Simon",Drama
113,Daddy's Little Girls,2007,Tyler Perry,"Gabrielle Union, Idris Elba, Tracee Ellis Ross",Drama
114,Dancing in September,2000,Reggie Rock Bythewood,"Tichina Arnold, James Avery, Jenica Bergere",Drama
115,Dark Manhattan,1937,Harry L. Fraser,"Ralph Cooper, Cleo Herndon, Clarence Brooks",Drama
116,Daughters of the Dust,1991,Julie Dash,"Cora Lee Day, Alva Rogers, Barbarao",Drama
117,"David E. Talbert He Say, She Say But What Does God Say?",2004,David E. Talbert,"Clifton Powell, N’Bushe Wright, Thomas A. Ford",Drama
118,Deacons for Defense,2003,Bill Duke,"Forest Whitaker, Chris Britton, Jonathan Silverman",Drama
119,Dead Presidents,1995,"Albert Hughes, Allen Hughes","Larenz Tate, Keith David, Chris Tucker",Drama
120,Death Journey,1976,Fred Williamson,"Fred Williamson, Bernard Kirby, Art Maier",Drama
121,Deliver Us from Eva,2003,Gary Hardwick,"Gabrielle Union, LL Cool J, Essence Atkins",Drama
122,Deliver Us from Evil,1977,Horace Jackson,"Marie O’Henry, Renny Roker, Candi Keath",Drama
123,Detroit 9000,1973,Arthur Marks,"Hari Rhodes, Alex Rocco, Vonetta McGee",Drama
124,Devil in a Blue Dress,1995,Carl Franklin,"Denzel Washington, Tom Sizemore, Jennifer Beals",Drama
125,Diamonds aka Diamond Shaft,1975,Menahem Golan,"Robert Shaw, Richard Roundtree, Barbara Hershey",Drama
126,Diary of a Mad Black Woman,2005,Darren Grant,"Kimberly Elise, Steve Harris, Tyler Perry",Drama
127,Diary of a Tired Black Man,2008,Tim Alexander,"Jimmy Jean-Louis, Paula Lema, Tim Alexander",Drama
128,Dirty Gertie from Harlem U.S.A.,1946,Spencer Williams,"Francine Everett, Don Wilson, Katherine Moore",Drama
129,Dirty Laundry,2006,Maurice Jamal,"Rockmond Dunbar, Loretta Devine, Jenifer Lewis",Drama
130,Disappearing Acts,2000,Gina Prince-Bythewood,"Sanaa Lathan, Wesley Snipes, Michael Imperioli",Drama
131,Disco Godfather,1979,J. Robert Wagoner,"Rudy Ray Moore, Carol Speed, Jimmy Lynch",Drama
132,Django Unchained,2012,Quentin Tarantino,"Jamie Foxx, Christoph Waltz, Leonardo DiCaprio",Drama
133,Do the Right Thing,1989,Spike Lee,"Danny Aiello, Ossie Davis, Ruby Dee",Drama
134,Don King: Only In America,1997,John Herzfeld,"Ving Rhames, Vondie Curtis-Hall, Jeremy Piven",Drama
135,Double Wedding,2010,Craig Pryce,"Tamera Mowry-Housley, Tia Mowry-Hardrict, O.T. Fagbenle",Drama
136,Down in the Delta,1998,Maya Angelou,"Alfre Woodard, Al Freeman Jr., Esther Rolle",Drama
137,Dreamgirls,2006,Bill Condon,"Beyoncé Knowles, Jamie Foxx, Eddie Murphy",Drama
138,Driving Miss Daisy,1989,Bruce Beresford,"Morgan Freeman, Jessica Tandy, Dan Aykroyd",Drama
139,Drop Squad,1994,David C. Johnson,"Eriq La Salle, Vondie Curtis-Hall, Ving Rhames",Drama
140,Drum,1976,Steve Carver,"Warren Oates, Isela Vega, Ken Norton",Drama
141,Drumline,2002,Charles Stone III,"Nick Cannon, Zoe Saldana, Orlando Jones",Drama
142,Dynamite Brothers,1974,Al Adamson,"Timothy Brown, Alan Tang, Aldo Ray",Drama
143,"Ebony, Ivory & Jade aka She Devil’s in Chains",1976,Cirio H. Santiago,"Rosanne Katon, Colleen Camp, Sylvia Anderson",Drama
144,Emma Mae aka Black Sisters Revenge,1976,Jamaa Fanaka,"Jerri Hayes, Ernest Williams II, Charles D. Brooks III",Drama
145,Eve's Bayou,1997,Kasi Lemmons,"Samuel L. Jackson, Jurnee Smollett-Bell, Meagan Good",Drama
146,Fallen,1998,Gregory Hoblit,"Denzel Washington, John Goodman, Donald Sutherland",Drama
147,Feast of All Saints,2001,Peter Medak,"Robert Ri’chard, Peter Gallagher, Gloria Reuben",Drama
148,Final Comedown,1972,Oscar Williams,"Billy Dee Williams, D’Urville Martin, Celia Kaye",Drama
149,Finding Forrester,2000,Gus Van Sant,"Sean Connery, Rob Brown, F. Murray Abraham",Drama
150,Fingers,1978,James Toback,"Harvey Keitel, Tisa Farrow, Jim Brown",Drama
151,Fire & Ice,2001,Bryan Goeres,"Lark Voorhies, Kadeem Hardison, Glynn Turman",Drama
152,Flight,2012,Robert Zemeckis,"Denzel Washington, Nadine Velazquez, Don Cheadle",Drama
153,Fly By Night,1993,Steve Gomer,"Jeffrey D. Sams, Ron Brice, David Adami",Drama
154,For Love of Ivy,1968,Daniel Mann,"Sidney Poitier, Abbey Lincoln, Beau Bridges",Drama
155,Freedom Road,1979,Ján Kadár,"Muhammad Ali, Kris Kristofferson, Ron O’Neal",Drama
156,Freedom Song,2000,Phil Alden Robinson,"Danny Glover, Vicellous Reon Shannon, Vondie Curtis-Hall",Drama
157,Fresh,1994,Boaz Yakin,"Sean Nelson, Giancarlo Esposito, Samuel L. Jackson",Drama
158,Friday,1995,F. Gary Gray,"Ice Cube, Chris Tucker, Nia Long",Drama
159,Friday After Next,2002,Marcus Raboy,"Ice Cube, Mike Epps, John Witherspoon",Drama
160,Friday Foster,1975,Arthur Marks,"Pam Grier, Yaphet Kotto, Godfrey Cambridge",Drama
161,Ganja and Hess,1973,Bill Gunn,"Duane Jones, Marlene Clark, Bill Gunn",Drama
162,"Georgia, Georgia",1972,Stig Björkman,"Dirk Benedict, Lars-Erik Berenett, Stig Engström",Drama
163,Get on the Bus,1996,Spike Lee,"Ossie Davis, Charles S. Dutton, Andre Braugher",Drama
164,Ghetto Freaks aka Love Commune aka Sign of Aquarius,1970,Robert J. Emery,"Toni Ceo, Jim Coursar, Paul Elliot",Drama
165,Ghost,1990,Jerry Zucker,"Patrick Swayze, Demi Moore, Whoopi Goldberg",Drama
166,Ghosts of Mississippi,1996,Rob Reiner,"Alec Baldwin, James Woods, Whoopi Goldberg",Drama
167,Girl 6,1996,Spike Lee,"Theresa Randle, Isaiah Washington, Spike Lee",Drama
168,Glory,1989, Edward Zwick,"Matthew Broderick, Denzel Washington, Cary Elwes",Drama
169,Glory Road,2006,James Gartner,"Josh Lucas, Derek Luke, Austin Nichols",Drama
170,Go Down Death,1944,Spencer Williams,"Myra D. Hemmings, Samuel H. James, Eddye L. Houston",Drama
171,Go Tell It on the Mountain,1984,Stan Lathan,"Paul Winfield, James Bond III, Olivia Cole",Drama
172,God's Step Children,1938,Oscar Micheaux,"Jacqueline Lewis, Ethel Moses, Alice B. Russell",Drama
173,Gone With the Wind,1939,Victor Fleming,"Clark Gable, Vivien Leigh, Thomas Mitchell",Drama
174,Good Deeds,2012,Tyler Perry,"Tyler Perry, Gabrielle Union, Thandie Newton",Drama
175,Good Fences,2003,Ernest R. Dickerson,"Danny Glover, Whoopi Goldberg, Zachary Simmons Glover",Drama
176,Graffiti Bridge,1990,Prince,"Prince, Morris Day, Ingrid Chavez",Drama
177,Gridock'd,1997,Vondie Curtis-Hall,"Tupac Shakur, Tim Roth, Thandie Newton",Drama
178,Guess Who's Coming to Dinner,1967,Stanley Kramer,"Spencer Tracy, Sidney Poitier, Katharine Hepburn",Drama
179,Hallelujah!,1929,King Vidor,"Daniel L. Haynes, Nina Mae McKinney, William Fountaine",Drama
180,Halls of Anger,1970,Paul Bogart,"Calvin Lockhart, Janet MacLachlan, Jeff Bridges",Drama
181,Hammer,1972,Bruce D. Clark,"Fred Williamson, Bernie Hamilton, Vonetta McGee",Drama
182,Hangin' with the Homeboys,1991,Joseph B. Vasquez,"Doug E. Doug, Mario Joyner, John Leguizamo",Drama
183,Hard Lessons aka The George McKenna Story,1986,Eric Laneuville,"Denzel Washington, Lynn Whitfield, Debra Artis",Drama
184,Harlem Nights,1989,Eddie Murphy,"Eddie Murphy, Richard Pryor, Redd Foxx",Drama
185,Have a Little Faith,2011, Jon Avnet,"Laurence Fishburne, Bradley Whitford, Anika Noni Rose",Drama
186,Having Our Say: The Delaney Sisters First 100 Years,1999,Lynne Littman,"Diahann Carroll, Ruby Dee, Amy Madigan",Drama
187,He Got Game,1998,Spike Lee,"Denzel Washington, Milla Jovovich, Ray Allen",Drama
188,Heart Condition,1990,James D. Parriott,"Bob Hoskins, Denzel Washington, Chloe Webb",Drama
189,Hell Up in Harlem,1973,Larry Cohen,"Fred Williamson, Julius Harris, Gloria Hendry",Drama
190,Hendrix,2000,Leon Ichaso,"Wood Harris, Billy Zane, Dorian Harewood",Drama
191,Hickey and Boggs,1972,Robert Culp,"Bill Cosby, Robert Culp, Ta-Ronce Allen",Drama
192,Higher Learning,1995,John Singleton,"Omar Epps, Kristy Swanson, Michael Rapaport",Drama
193,Hit Man,1972,George Armitage,"Bernie Casey, Pam Grier, Lisa Moore",Drama
194,Hit!,1973,Sidney J. Furie,"Billy Dee Williams, Richard Pryor, Paul Hampton",Drama
195,Holiday Heart,2000,Robert Townsend,"Ving Rhames, Alfre Woodard, Jesika Reynolds",Drama
196,Hoodlum,1997,Bill Duke,"Laurence Fishburne, Tim Roth, Vanessa Williams",Drama
197,Hoop Dreams,1994,Steve James,"William Gates, Arthur Agee, Emma Gates",Drama
198,Hot Potato,1976,Oscar Williams,"Jim Kelly, George Memmoli, Geoffrey Binney",Drama
199,Hotel Rwanda,2004,Terry George,"Don Cheadle, Sophie Okonedo, Joaquin Phoenix",Drama
200,House Party 2,1991,"George Jackson, Doug McHenry","Christopher Reid, Christopher Martin, Martin Lawrence",Drama
201,How Stella Got Her Groove Back,1998,Kevin Rodney Sullivan,"Angela Bassett, Taye Diggs, Whoopi Goldberg",Drama
202,How U Like Me Now?,1992,Darryl Roberts,"Darnell Williams, Salli Richardson-Whitfield, Daniel Gardner",Drama
203,Hustle and Flow,2005,Craig Brewer,"Terrence Howard, Ludacris, Anthony Anderson",Drama
204,I Am Legend,2007,Francis Lawrence,"Will Smith, Alice Braga, Charlie Tahan",Drama
205,I Can Do Bad All By Myself,2009,Tyler Perry,"Tyler Perry, Taraji P. Henson, Adam Rodriguez",Drama
206,I Passed for White,1960,Fred M. Wilcox,"Sonya Wilde, James Franciscus, Patricia Michon",Drama
207,I Think I Love My Wife,2007,Chris Rock,"Chris Rock, Kerry Washington, Gina Torres",Drama
208,Idlewild,2006,Bryan Barber,"Big Boi, Terrence Howard, André Benjamin",Drama
209,"If He Hollers, Let Him Go",1968,Charles Martin,"Dana Wynter, Raymond St. Jacques, Kevin McCarthy",Drama
210,Imagine That,2009,Karey Kirkpatrick,"Eddie Murphy, Thomas Haden Church, Yara Shahidi",Drama
211,"Imitation of Life, 1934",1934,John M. Stahl,"Claudette Colbert, Warren William, Rochelle Hudson",Drama
212,Imitation of Life �1959,1959,Douglas Sirk,"Lana Turner, John Gavin, Sandra Dee",Drama
213,In His Father's Shoes,1997,Vic Sarin,"Louis Gossett Jr., Barbara Eve Harris, Rachael Crawford",Drama
214,In the Heat of the Night,1967,Norman Jewison,"Sidney Poitier, Rod Steiger, Warren Oates",Drama
215,Inside Man,2006,Spike Lee,"Denzel Washington, Clive Owen, Jodie Foster",Drama
216,Introducing Dorothy Dandridge,1999,Martha Coolidge,"Halle Berry, Brent Spiner, Klaus Maria Brandauer",Drama
217,Intruder in the Dust – 1949,1949,Clarence Brown,"David Brian, Claude Jarman Jr., Juano Hernandez",Drama
218,Island in the Sun,1957,Robert Rossen,"James Mason, Joan Fontaine, Dorothy Dandridge",Drama
219,Jason's Lyric,1994,Doug McHenry,"Allen Payne, Jada Pinkett Smith, Bokeem Woodbine",Drama
220,"Jo Jo Dancer, Your Life is Calling",1986,Richard Pryor,"Richard Pryor, Debbie Allen, Art Evans",Drama
221,John Q,2002,Nick Cassavetes,"Denzel Washington, Robert Duvall, Gabriela Oltean",Drama
222,Johnny Tough,1974,Horace Jackson,"Dion Gossett, Christopher Townes, Renny Roker",Drama
223,"Joshua, The Black Rider",1976,Larry G. Spangler,"Fred Williamson, Cal Bartlett, Brenda Venus",Drama
224,Juice,1992,Ernest R. Dickerson,"Omar Epps, Tupac Shakur, Jermaine ‘Huggy’ Hopkins",Drama
225,Juke Joint,1947,Spencer Williams,"Spencer Williams, July Jones, Inez Newell",Drama
226,Jump In!,2007,Paul Hoen,"Corbin Bleu, Keke Palmer, David Reivers",Drama
227,Jumping the Broom,2011,Salim Akil,"Paula Patton, Laz Alonso, Angela Bassett",Drama
228,Jungle Fever,1991,Spike Lee,"Wesley Snipes, Annabella Sciorra, Spike Lee",Drama
229,Just Another Girl on the I.R. T.,1992,Leslie Harris,"Ariyan A. Johnson, Kevin Thigpen, Ebony Jerido",Drama
230,Juwanna Mann,2002,Jesse Vaughan,"Miguel A. Núñez Jr., Christopher Simmons, Vivica A. Fox",Drama
231,Killer of Sheep,1979,Charles Burnett,"Henry G. Sanders, Kaycee Moore, Charles Bracy",Drama
232,King,1978,Abby Mann,"Paul Winfield, Cicely Tyson, Tony Bennett",Drama
233,Kingdom Come,2001,Doug McHenry,"LL Cool J, Jada Pinkett Smith, Vivica A. Fox",Drama
234,Kings of the Evening,2008,Andrew P. Jones,"Tyson Beckford, Lynn Whitfield, Glynn Turman",Drama
235,Krush Groove,1985,Michael Schultz,"Sheila E., Joseph Simmons, Darryl McDaniels",Drama
236,Lackawanna Blues,2005,George C. Wolfe,"S. Epatha Merkerson, Marcus Carl Franklin, Mos Def",Drama
237,Lady Cocoa,1975,Matt Cimber,"Lola Falana, Gene Washington, Alex Dreier",Drama
238,Lady Sings the Blues,1972,Sidney J. Furie,"Diana Ross, Billy Dee Williams, Richard Pryor",Drama
239,Lakeview Terrace,2008,Neil LaBute,"Samuel L. Jackson, Patrick Wilson, Kerry Washington",Drama
240,Last Holiday,2006,Wayne Wang,"Queen Latifah, LL Cool J, Timothy Hutton",Drama
241,Leadbelly,1976,Gordon Parks,"Roger E. Mosley, Paul Benjamin, Madge Sinclair",Drama
242,Lean on Me,1989,John G. Avildsen,"Morgan Freeman, Beverly Todd, Robert Guillaume",Drama
243,Life,1999,Ted Demme,"Eddie Murphy, Martin Lawrence, Obba Babatundé",Drama
244,Life Support,2007,Nelson George,"Queen Latifah, Vianca Mercedes, Anna Deavere Smith",Drama
245,Light It Up,1999,Craig Bolotin,"Usher Raymond, Forest Whitaker, Rosario Dawson",Drama
246,Lilies of the Field,1963,Ralph Nelson,"Sidney Poitier, Lilia Skala, Lisa Mann",Drama
247,Little John,2002,Dick Lowry,"Ving Rhames, Gloria Reuben, Ruben Santiago-Hudson",Drama
248,Little Richard,2000,Robert Townsend,"Leon, Jenifer Lewis, Carl Lumbly",Drama
249,Livin' Large!,1991,Michael Schultz,"Terrence ‘T.C.’ Carson, Lisa Arrindell Anderson, Blanche Baker",Drama
250,Losing Isaiah,1995,Stephen Gyllenhaal,"Jessica Lange, Halle Berry, David Strathairn",Drama
251,Love and Basketball,2000,Gina Prince-Bythewood,"Sanaa Lathan, Omar Epps, Glenndon Chatman",Drama
252,Love Beat the Hell Outta Me,2000, Kennedy Goldsby,"Glenn Plummer, Terrence Howard, Clyde Jones",Drama
253,Love Come Down,2000,Clément Virgo,"Larenz Tate, Deborah Cox, Martin Cummins",Drama
254,Love Don't Cost a Thing,2003,Troy Byer,"Nick Cannon, Christina Milian, Jordan Burg",Drama
255,Love Jones,1997,Theodore Witcher,"Larenz Tate, Nia Long, Isaiah Washington",Drama
256,Lying Lips,1939,Oscar Micheaux,"Edna Mae Harris, Carman Newsome, Robert Earl",Drama
257,Madea Goes to Jail,2009,Tyler Perry,"Tyler Perry, Keshia Knight Pulliam, Derek Luke",Drama
0,48 Hrs.,1982,Walter Hill,"Nick Nolte, Eddie Murphy, Annette O’Toole",Action
1,A Low Down Dirty Shame,1994,Keenen Ivory Wayans,"Keenen Ivory Wayans, Charles S. Dutton, Jada Pinkett Smith",Action
2,"Abar, the First Black Superman",1977,Frank Packard,"Walter Smith, Tobar Mayo, Roxie Young",Action
3,Across 110th Street,1972,Barry Shear,"Anthony Quinn, Yaphet Kotto, Anthony Franciosa",Action
4,Alex Cross,2012,Rob Cohen,"Tyler Perry, Matthew Fox, Rachel Nichols",Action
5,Bad Boys,1995,Michael Bay,"Will Smith, Martin Lawrence, Lisa Boyle",Action
6,Bad Boys II,2003,Michael Bay,"Will Smith, Martin Lawrence, Gabrielle Union",Action
7,Bamboo Gods and Iron Men,1974,Cesar Gallardo,"James Iglehart, Shirley Washington, Chiquito",Action
8,Bare Knuckles,1977,Don Edmonds,"Robert Viharo, Sherry Jackson, Michael Heit",Action
9,Beverly Hills Cop,1984,Martin Brest,"Eddie Murphy, Judge Reinhold, John Ashton",Action
10,Big Momma’s House,2000,Raja Gosnell,"Martin Lawrence, Nia Long, Paul Giamatti",Action
11,Big Momma’s House 2,2006,John Whitesell,"Martin Lawrence, Emily Procter, Nia Long",Action
12,Biker Boyz,2003,Reggie Rock Bythewood,"Laurence Fishburne, Derek Luke, Orlando Jones",Action
13,Black Belt Jones,1974,Robert Clouse,"Jim Kelly, Gloria Hendry, Scatman Crothers",Action
14,Black Caesar,1973, Larry Cohen,"Fred Williamson, Gloria Hendry, Art Lund",Action
15,Black Cobra,1987,Stelvio Massi,"Fred Williamson, Eva Grimaldi, Bruno Bilotta",Action
16,Black Cobra 2,1990,Edoardo Margheriti,"Fred Williamson, Nicholas Hammond, Emma Hoagland",Action
17,Black Cobra 3,1990,Edoardo Margheriti,"Fred Williamson, Forry Smith, Debra Ward",Action
18,Black Dynamite,2009,Scott Sanders,"Arsenio Hall, Tommy Davidson, Michael Jai White",Action
19,Black Eye,1974,Jack Arnold,"Fred Williamson, Rosemary Forsyth, Teresa Graves",Action
20,Black Fist aka Bogard,1974,"Timothy Galfas, Richard Kaye","Richard Lawson, Annazette Chase, Philip Michael Thomas",Action
21,Black Gunn,1972,Robert Hartford-Davis," Jim Brown, Martin Landau, Brenda Sykes",Action
22,Black Heat,1976,Al Adamson,"Timothy Brown, Russ Tamblyn, Jana Bellan",Action
23,Black Samson,1974,Charles Bail,"Rockne Tarkington, William Smith, Connie Strickland",Action
24,Black Samurai,1977,Al Adamson,"Jim Kelly, Bill Roy, Roberto Contreras",Action
25,Black Shampoo,1976,Greydon Clark,"John Daniels, Tanya Boyd, Joseph Carlo",Action
26,Blade,1998,Stephen Norrington,"Wesley Snipes, Stephen Dorff, Kris Kristofferson",Action
27,Blade II,2002,Guillermo del Toro,"Wesley Snipes, Kris Kristofferson, Ron Perlman",Action
28,Blade: Trinity,2004,David S. Goyer,"Wesley Snipes, Kris Kristofferson, Parker Posey",Action
29,Blue Streak,1999,Les Mayfield," Martin Lawrence, Luke Wilson, Peter Greene",Action
30,Boss,1975,Jack Arnold,"Fred Williamson, D’Urville Martin, William Smith",Action
31,Bronze Buckaroo,1939,Richard C. Kahn,"Herb Jeffries, Lucius Brooks, Artie Young",Action
32,Brotherhood of Death,1976,Bill Berry,"Roy Jefferson, Le Tari, Haskell V. Anderson III",Action
33,Bucktown,1975,Arthur Marks,"Fred Williamson, Pam Grier, Thalmus Rasulala",Action
34,Cleopatra Jones,1973,Jack Starrett,"Tamara Dobson, Bernie Casey, Brenda Sykes",Action
35,Cleopatra Jones and the Casino of Gold,1975,Charles Bail,"Tamara Dobson, Stella Stevens, Ni Tien",Action
36,Coffy,1973,Jack Hill,"Pam Grier, Booker Bradshaw, Robert DoQui",Action
37,Come Back Charleston Blue,1972,Mark Warren,"Godfrey Cambridge, Raymond St. Jacques, Peter De Anda",Action
38,Corrupt,1999,Albert Pyun,"Silkk Tha Shocker, Ice-T, Tarsha Nicole Jones",Action
39,Cotton Comes to Harlem,1970,Ossie Davis,"Godfrey Cambridge, Raymond St. Jacques, Calvin Lockhart",Action
40,Crossover,2006,Preston A. Whitmore II,"Anthony Mackie, Wesley Jonathan, Wayne Brady",Action
41,Darktown Strutters,1975,William Witney,"Trina Parks, Edna Richardson, Bettye Sweet",Action
42,Death Dimension,1978,Al Adamson,"Jim Kelly, Harold Sakata, George Lazenby",Action
43,Death Journey,1976,Fred Williamson,"Fred Williamson, Bernard Kirby, Art Maier",Action
44,Deep Cover,1992,Bill Duke,"Laurence Fishburne, Jeff Goldblum, Lira Angel",Action
45,Deja Vu,2006,Tony Scott,"Denzel Washington, Paula Patton, Jim Caviezel",Action
46,Detroit 9000,1973,Arthur Marks,"Hari Rhodes, Alex Rocco, Vonetta McGee",Action
47,Disco Godfather,1979, J. Robert Wagoner,"Rudy Ray Moore, Carol Speed, Jimmy Lynch",Action
48,Dolemite,1975,D’Urville Martin,"Rudy Ray Moore, D’Urville Martin, Jerry Jones",Action
49,Double Deal,1939,Arthur Dreifuss,"Monte Hawley, Jeni Le Gon, Edward Thompson",Action
50,Double Take,2001,George Gallo,"Orlando Jones, Eddie Griffin, Gary Grubbs",Action
51,Drum,1976,Steve Carver,"Warren Oates, Isela Vega, Ken Norton",Action
52,Dynamite Brothers,1974,Al Adamson,"Timothy Brown, Alan Tang, Aldo Ray",Action
53,Enter the Dragon,1973,Robert Clouse,"Bruce Lee, John Saxon, Jim Kelly",Action
54,Final Comedown,1972,Oscar Williams,"Billy Dee Williams, D’Urville Martin, Celia Kaye",Action
55,Foxy Brown,1974,Jack Hill,"Pam Grier, Antonio Fargas, Peter Brown",Action
56,Friday Foster,1975,Arthur Marks,"Pam Grier, Yaphet Kotto, Godfrey Cambridge",Action
57,Get Christie Love,1974,William A. Graham,"Teresa Graves, Harry Guardino, Louise Sorel",Action
58,Golden Needles,1974,Robert Clouse,"Joe Don Baker, Elizabeth Ashley, Ann Sothern",Action
59,Greased Lightning,1977,Michael Schultz,"Richard Pryor, Beau Bridges, Pam Grier",Action
60,Hammer,1972,Bruce D. Clark,"Fred Williamson, Bernie Hamilton, Vonetta McGee",Action
61,Hancock,2008,Peter Berg,"Will Smith, Charlize Theron, Jason Bateman",Action
62,Heart Condition,1990, James D. Parriott,"Bob Hoskins, Denzel Washington, Chloe Webb",Action
63,Hell Up in Harlem,1973,Larry Cohen,"Fred Williamson, Julius Harris, Gloria Hendry",Action
64,Hit !,1973,Sidney J. Furie,"Billy Dee Williams, Richard Pryor, Paul Hampton",Action
65,"Honeybaby, Honeybaby",1974,Michael Schultz,"Diana Sands, Calvin Lockhart, Seth Allen",Action
66,Hot Potato,1976,Oscar Williams,"Jim Kelly, George Memmoli, Geoffrey Binney",Action
67,I Escaped from Devil’s Island,1973,William Witney,"Jim Brown, Christopher George, Richard Ely",Action
68,"I, Robot",2004,Alex Proyas,"Will Smith, Bridget Moynahan, Bruce Greenwood",Action
69,I'm Gonna Git You Sucka,1988,Keenen Ivory Wayans,"Keenen Ivory Wayans, Bernie Casey, Antonio Fargas",Action
70,JD's Revenge,1976,Arthur Marks,"Glynn Turman, Louis Gossett Jr., Joan Pringle",Action
71,Lean on Me,1989,John G. Avildsen,"Morgan Freeman, Beverly Todd, Robert Guillaume",Action
72,Lethal Weapon,1987,Richard Donner,"Mel Gibson, Danny Glover, Gary Busey",Action
73,Let's Do It Again,1975,Sidney Poitier,"Sidney Poitier, Bill Cosby, Calvin Lockhart",Action
74,Man on Fire,2004,Tony Scott,"Denzel Washington, Christopher Walken, Dakota Fanning",Action
75,Mandingo,1975,Richard Fleischer,"James Mason, Susan George, Perry King",Action
76,Mean Johnny Barrows,1976,Fred Williamson,"Fred Williamson, Roddy McDowall, Stuart Whitman",Action
77,Mean Mother,1974,"Al Adamson, León Klimovsky","Dobie Gray, Dennis Safren, Luciana Paluzzi",Action
78,Men in Black II,2002,Barry Sonnenfeld,"Tommy Lee Jones, Will Smith, Rip Torn",Action
79,Miracle at St. Anna,2008,Spike Lee,"Derek Luke, Michael Ealy, Laz Alonso",Action
80,Moonwalker,1988,"Jerry Kramer, Jim Blashfield, Colin Chilvers","Michael Jackson, Joe Pesci, Sean Lennon",Action
81,Mystery in Swing,1940,Arthur Dreifuss,"Monte Hawley, Marguerite Whitten, Tommie Moore",Action
82,National Security,2003,Dennis Dugan,"Martin Lawrence, Steve Zahn, Colm Feore",Action
83,"One Down, Two to Go",1976,Fred Williamson,"Fred Williamson, Jim Brown, Jim Kelly",Action
84,Original Gangstas,1996,Larry Cohen,"Fred Williamson, Jim Brown, Pam Grier",Action
85,Ricochet,1991,Russell Mulcahy,"Denzel Washington, John Lithgow, Ice-T",Action
86,Rosewood,1997,John Singleton,"Jon Voight, Ving Rhames, Don Cheadle",Action
87,Rush Hour,1998,Brett Ratner,"Jackie Chan, Chris Tucker, Ken Leung",Action
88,Rush Hour 2,2001,Brett Ratner," Jackie Chan, Chris Tucker, John Lone",Action
89,Rush Hour 3,2007,Brett Ratner,"Jackie Chan, Chris Tucker, Max von Sydow",Action
90,Safe House,2012,Daniel Espinosa,"Denzel Washington, Ryan Reynolds, Robert Patrick",Action
91,"See No Evil, Hear No Evil",1989,Arthur Hiller,"Richard Pryor, Gene Wilder, Joan Severance",Action
92,Set It Off,1996,F. Gary Gray,"Jada Pinkett Smith, Queen Latifah, Vivica A. Fox",Action
93,Shaft,1971,Gordon Parks,"Richard Roundtree, Moses Gunn, Charles Cioffi",Action
94,Shaft in Africa,1973, John Guillermin,"Richard Roundtree, Frank Finlay, Vonetta McGee",Action
95,Shaft's Big Score,1972,Gordon Parks,"Richard Roundtree, Moses Gunn, Drew Bundini Brown",Action
96,Shaka Zulu,1986,William C. Faure,"Edward Fox, Robert Powell, Trevor Howard",Action
97,"Sheba, Baby",1975,William Girdler,"Pam Grier, Austin Stoker, D’Urville Martin",Action
98,Shottas,2002,Cess Silvera,"Ky-Mani Marley, Spragga Benz, Louie Rankin",Action
99,Silver Streak,1976,Arthur Hiller,"Gene Wilder, Richard Pryor, Jill Clayburgh",Action
100,Slaughter,1972,Jack Starrett,"Jim Brown, Stella Stevens, Rip Torn",Action
101,Slaughter's Big Ripoff,1973,Gordon Douglas,"Jim Brown, Ed McMahon, Don Stroud",Action
102,Soul Brothers of Kung Fu,1977,Yi-Jung Hua,"Meng Lo, Carl Scott, Feng Ku",Action
103,Soul Vengeance aka Welcome Home Brother Charles,1975,Jamaa Fanaka,"Marlo Monte, Reatha Grey, Stan Kamber",Action
104,Strapped,1993,Forest Whitaker,"William James Stiggers Jr., Chi Ali, Bokeem Woodbine",Action
105,Sugar Hill,1974,Paul Maslansky,"Marki Bey, Robert Quarry, Don Pedro Colley",Action
106,Superfly,1972,Gordon Parks Jr.,"Ron O’Neal, Carl Lee, Sheila Frazier",Action
107,Surviving the Game,1994,Ernest R. Dickerson,"Rutger Hauer, Ice-T, Charles S. Dutton",Action
108,The Arena,1974,Steve Carver,"Margaret Markov, Pam Grier, Lucretia Love",Action
109,The Big Bird Cage,1972,Jack Hill,"Pam Grier, Anitra Ford, Candice Roman",Action
110,The Big Doll House,1971,Jack Hill,"Roberta Collins, Pam Grier, Judith Brown",Action
111,The Black Godfather,1974, John Evans,"Rod Perry, Damu King, Don Chastain",Action
112,The Black Six,1973,Matt Cimber,"Robert Howard, Cindy Daly, Mikel Angel",Action
113,The Book of Eli,2010,"Albert Hughes, Allen Hughes","Denzel Washington, Mila Kunis, Ray Stevenson",Action
114,The Candy Tangerine Man,1975,Matt Cimber," John Daniels, Eli Haines, Tom Hankason",Action
115,The Final Comedown,1972,Oscar Williams,"Billy Dee Williams, D’Urville Martin, Celia Kaye",Action
116,The Glove,1979,Ross Hagen,"John Saxon, Roosevelt Grier, Joanna Cassidy",Action
117,The Gods Must Be Crazy,1980,Jamie Uys,"N!xau, Marius Weyers, Sandra Prinsloo",Action
118,The Golden Child,1986,Michael Ritchie,"Eddie Murphy, J.L. Reate, Charles Dance",Action
119,The Good Guy from Harlem aka The Guy from Harlem,1977,Rene Martinez Jr,"Loye Hawkins, Cathy Davis, Patricia Fulton",Action
120,The Hitter,1979,Christopher Leitch,"Ron O’Neal, Sheila Frazier, Adolph Caesar",Action
121,The Human Tornado,1976,Cliff Roquemore,"Rudy Ray Moore, Lady Reed, Jimmy Lynch",Action
122,The Karate Kid,2010,Harald Zwart,"Jackie Chan, Jaden Smith, Taraji P. Henson",Action
123,The Last Dragon,1985,Michael Schultz,"Taimak, Vanity, Christopher Murney",Action
124,The Mighty Quinn,1989,Carl Schenkel,"Denzel Washington, Robert Townsend, James Fox",Action
125,The Muthers,1976,Cirio H. Santiago,"Jeannie Bell, Rosanne Katon, Trina Parks",Action
126,The Omega Man,1971,Boris Sagal,"Charlton Heston, Anthony Zerbe, Rosalind Cash",Action
127,The Organization,1971,Don Medford,"Sidney Poitier, Barbara McNair, Gerald S. O’Loughlin",Action
128,The Siege,1998, Edward Zwick,"Denzel Washington, Bruce Willis, Annette Bening",Action
129,The Slams,1973, Jonathan Kaplan,"Jim Brown, Judy Pace, Roland Bob Harris",Action
130,The Spook Who Sat by The Door,1973,Ivan Dixon,"Lawrence Cook, Janet League, Paula Kelly",Action
131,The Take,1974,Robert Hartford-Davis,"Billy Dee Williams, Eddie Albert, Frankie Avalon",Action
132,"The Taking of Pelham 1, 2, 3",2009,Tony Scott,"Denzel Washington, John Travolta, Luis Guzmán",Action
133,Thomasine and Bushrod,1974,Gordon Parks Jr.,"Max Julien, Vonetta McGee, George Murdock",Action
134,Three the Hard Way,1974,Gordon Parks Jr," Jim Brown, Fred Williamson, Jim Kelly",Action
135,Three the Hard Way Again,1974,Gordon Parks Jr.," Jim Brown, Fred Williamson, Jim Kelly",Action
136,Tick Tick Tick,1970,Ralph Nelson,"Jim Brown, George Kennedy, Fredric March",Action
137,TNT Jackson,1974, Cirio H. Santiago,"Jeannie Bell, Stan Shaw, Pat Anderson",Action
138,Trick Baby,1972,Larry Yust,"Kiel Martin, Mel Stewart, Dallas Edward Hayes",Action
139,Trouble Man,1972,Ivan Dixon,"Robert Hooks, Paul Winfield, Ralph Waite",Action
140,Truck Turner,1974, Jonathan Kaplan,"Isaac Hayes, Yaphet Kotto, Alan Weeks",Action
141,Turn It Up,2000,Robert Adetuyi,"Pras, Ja Rule, Jason Statham",Action
142,Undercover Brother,2002,Malcolm D. Lee,"Eddie Griffin, Denise Richards, Aunjanue Ellis",Action
143,Undisputed,2002,Walter Hill,"Wesley Snipes, Ving Rhames, Peter Falk",Action
144,Undisputed 2: Last Man Standing,2006,Isaac Florentine,"Michael Jai White, Scott Adkins, Ben Cross",Action
145,Undisputed 3: Redemption,2010,Isaac Florentine,"Scott Adkins, Mykel Shannon Jenkins, Mark Ivanir",Action
146,Unstoppable,2010,Tony Scott,"Denzel Washington, Chris Pine, Rosario Dawson",Action
147,Uptown Saturday Night,1974,Sidney Poitier,"Sidney Poitier, Bill Cosby, Harry Belafonte",Action
148,Virtuosity,1995,Brett Leonard,"Denzel Washington, Russell Crowe, Kelly Lynch",Action
149,Way of the Black Dragon,1979,Chih Chen,"Ron Van Clief, Charles Bonet, Lau Chan",Action
150,Welcome Home Brother Charles aka Soul Vengeance,1975,Jamaa Fanaka,"Marlo Monte, Reatha Grey, Stan Kamber",Action
