Title,Genre,Year,Director,Stars,Worldwide,Domestic,%,Foreign,%.1
Fast Color,,2019,Julia Hart,"Gugu Mbatha-Raw, Lorraine Toussaint,Saniyya Sidney, David Strathairn","$76,916","$76,916",100%,-,-
Black Dynamite,,2009,"Shawn Maurer, Scott Sanders",,"$296,557","$242,578",81.8%,"$53,979",18.2%
Black Dynamite,Comedy,2009,Scott Sanders,"Arsenio Hall, Tommy Davidson, Michael Jai White","$296,557","$242,578",81.8%,"$53,979",18.2%
Black Dynamite,Action,2009,Scott Sanders,"Arsenio Hall, Tommy Davidson, Michael Jai White","$296,557","$242,578",81.8%,"$53,979",18.2%
Keanu,,2016,Peter Atencio,"Keegan-Michael Key, Jordan Reele, TiffanyHaddish, Method Man","$20,651,333","$20,591,853",99.7%,"$59,480",0.3%
George Washington,,2000,David Gordon Greeen,"Donald Holden, Candace Evanofski, Curtis Cotton II, Eddie Rouse","$283,846","$247,406",87.2%,"$36,440",12.8%
Monsters and Men,,2018,Reinaldo Marcus Green,"John David Washington,Chante Adams, Rob Morgan","$510,967","$500,101",97.9%,"$10,866",2.1%
Madeline's Madeline,,2018,Josephine Decker,"Helena Howard, Molly Parker, Miranda July ","$197,309","$185,576",94.1%,"$11,733",5.9%
Luce,,2019,Julius Onah,"Naomi Watts, Octavia Spencer, Kelvin Harrison Jr., Tim Roth","$2,268,204","$2,010,613",88.6%,"$257,591",11.4%
Good Hair,,2009,Jeff Silson,Chris Rock,"$4,163,135","$4,157,223",99.9%,"$5,912",0.1%
Support the Girls,,2018,Andrew Bujaski,"Regina Hall, Haley Lu Richardson, Shayna McHayle, Brooklyn Decker","$139,550","$129,124",92.5%,"$10,426",7.5%
It Comes at Night,,2017,Trey Edward Shults,"Joel Edgerton, Riley Keough, Christopher Abbott, Carmen Ejogo","$19,735,344","$13,985,117",70.9%,"$5,750,227",29.1%
The Last Black Man in San Francisco,,2019,Joe Talbot," Jimmie Fails, Jonathan Majors, Tichina Arnold, Rob Morgan","$4,637,830","$4,515,719",97.4%,"$122,111",2.6%
Tangerine,,2015,Sean Baker (II),"itana Kiki Rodriguez, James Ransone, Mya Taylor, Alla Tumanian","$814,868","$702,354",86.2%,"$112,514",13.8%
Soul,,2020,Pete Docter,"Jamie Foxx, Daveed Diggs, John Ratzenberger, Tina Fey","$135,714,603",-,-,"$135,714,603",100%
Akeelah and the Bee,Family,2006,Doug Atchison,"Angela Bassett, Laurence Fishburne, Keke Palmer","$18,948,425","$18,848,430",99.5%,"$99,995",0.5%
Akeelah and the Bee,,2006,Doug Atchison,Keke Palmer,"$18,948,425","$18,848,430",99.5%,"$99,995",0.5%
Akeelah and the Bee,Drama,2006,Doug Atchison,"Angela Bassett, Laurence Fishburne, Keke Palmer","$18,948,425","$18,848,430",99.5%,"$99,995",0.5%
Are We Done Yet?,Family,2007,Steve Carr,"Ice Cube, Nia Long, John C. McGinley","$58,388,068","$49,662,533",85.1%,"$8,725,535",14.9%
Are We Done Yet?,,2007,Steve Carr,Ice Cube,"$58,388,068","$49,662,533",85.1%,"$8,725,535",14.9%
Are We Done Yet?,Comedy,2007,Steve Carr,"Ice Cube, Nia Long, John C. McGinleyh","$58,388,068","$49,662,533",85.1%,"$8,725,535",14.9%
Are We Done Yet?,Drama,2007,Steve Carr,"Ice Cube, Nia Long, John C. McGinley","$58,388,068","$49,662,533",85.1%,"$8,725,535",14.9%
Are We There Yet?,Family,2005,Brian LeVant,"Ice Cube, Nia Long, Aleisha Allen","$97,918,663","$82,674,398",84.4%,"$15,244,265",15.6%
Are We There Yet?,,2005,Brian Levant,Ice Cube,"$97,918,663","$82,674,398",84.4%,"$15,244,265",15.6%
Are We There Yet?,Comedy,2005,Brian LeVant,"Ice Cube, Nia Long, Aleisha Allen","$97,918,663","$82,674,398",84.4%,"$15,244,265",15.6%
Are We There Yet?,Drama,2005,Brian LeVant,"Ice Cube, Nia Long, Aleisha Allen","$97,918,663","$82,674,398",84.4%,"$15,244,265",15.6%
Bogus,Family,1996,Norman Jewison,"Whoopi Goldberg, Gérard Depardieu, Haley Joel Osment","$4,357,406","$4,357,406",100%,-,-
Bogus,Comedy,1996,Norman Jewison,"Whoopi Goldberg, Gérard Depardieu, Haley Joel Osment","$4,357,406","$4,357,406",100%,-,-
Clover,Family,1997,Jud Taylor,"Elizabeth McGovern, Ernie Hudson, Zelda Harris","$5,438,177",-,-,"$5,438,177",100%
Clover,Drama,1997,Jud Taylor,"Elizabeth McGovern, Ernie Hudson, Zelda Harris","$5,438,177",-,-,"$5,438,177",100%
College Road Trip,Family,2008,Roger Kumble,"Raven-Symoné, Martin Lawrence, Kym Whitley","$51,549,674","$45,610,425",88.5%,"$5,939,249",11.5%
College Road Trip,Comedy,2008,Roger Kumble,"Raven-Symoné, Martin Lawrence, Kym Whitley","$51,549,674","$45,610,425",88.5%,"$5,939,249",11.5%
College Road Trip,Drama,2008,Roger Kumble,"Raven-Symoné, Martin Lawrence, Kym Whitley","$51,549,674","$45,610,425",88.5%,"$5,939,249",11.5%
Cool Runnings,Family,1993, Jon Turteltaub,"John Candy, Leon, Doug E. Doug","$68,856,263","$68,856,263",100%,-,-
Cool Runnings,Comedy,1993, Jon Turteltaub," John Candy, Leon, Doug E. Doug","$68,856,263","$68,856,263",100%,-,-
Daddy Day Camp,Family,2007,Fred Savage,"Cuba Gooding Jr., Lochlyn Munro, Richard Gant","$18,197,398","$13,235,267",72.7%,"$4,962,131",27.3%
Daddy Day Camp,Comedy,2007,Fred Savage,"Cuba Gooding Jr., Lochlyn Munro, Richard Gant","$18,197,398","$13,235,267",72.7%,"$4,962,131",27.3%
Fat Albert,Family,2004, Joel Zwick,"Kenan Thompson, Kyla Pratt, Omarion Grandberry","$48,551,322","$48,116,322",99.1%,"$435,000",0.9%
Fat Albert,Comedy,2004,Joel Zwick,"Kenan Thompson, Kyla Pratt, Omarion Grandberry","$48,551,322","$48,116,322",99.1%,"$435,000",0.9%
Ghost Dad,Family,1990,Sidney Poitier,"Bill Cosby, Kimberly Russell, Denise Nicholas","$24,707,633","$24,707,633",100%,-,-
Ghost Dad,Comedy,1990,Sidney Poitier,"Bill Cosby, Kimberly Russell, Denise Nicholas","$24,707,633","$24,707,633",100%,-,-
Good Burger,Family,1997,Brian Robbins,"Kel Mitchell, Kenan Thompson, Sinbad","$23,712,993","$23,712,993",100%,-,-
Good Burger,Comedy,1997,Brian Robbins,"Kel Mitchell, Kenan Thompson, Sinbad","$23,712,993","$23,712,993",100%,-,-
Imagine That,Family,2009,Karey Kirkpatrick,"Eddie Murphy, Thomas Haden Church, Yara Shahidi","$22,985,194","$16,123,323",70.1%,"$6,861,871",29.9%
Imagine That,Comedy,2009,Karey Kirkpatrick,"Eddie Murphy, Thomas Haden Church, Yara Shahidi","$22,985,194","$16,123,323",70.1%,"$6,861,871",29.9%
Imagine That,Drama,2009,Karey Kirkpatrick,"Eddie Murphy, Thomas Haden Church, Yara Shahidi","$22,985,194","$16,123,323",70.1%,"$6,861,871",29.9%
Kingdom Come,Family,2001,Doug McHenry,"LL Cool J, Jada Pinkett Smith, Vivica A. Fox","$23,396,049","$23,249,649",99.4%,"$146,400",0.6%
Kingdom Come,Comedy,2001,Doug McHenry,"LL Cool J, Jada Pinkett Smith, Vivica A. Fox","$23,396,049","$23,249,649",99.4%,"$146,400",0.6%
Kingdom Come,Drama,2001,Doug McHenry,"LL Cool J, Jada Pinkett Smith, Vivica A. Fox","$23,396,049","$23,249,649",99.4%,"$146,400",0.6%
Like Mike,Family,2002, John Schultz,"Bow Wow, Jonathan Lipnicki, Morris Chestnut","$62,274,780","$51,432,760",82.6%,"$10,842,020",17.4%
Like Mike,Comedy,2002,John Schultz,"Bow Wow, Jonathan Lipnicki, Morris Chestnut","$62,274,780","$51,432,760",82.6%,"$10,842,020",17.4%
Meet Dave,Family,2008,Brian Robbins,"Eddie Murphy, Elizabeth Banks, Gabrielle Union","$51,339,567","$11,803,254",23%,"$39,536,313",77%
Meet Dave,Comedy,2008,Brian Robbins,"Eddie Murphy, Elizabeth Banks, Gabrielle Union","$51,339,567","$11,803,254",23%,"$39,536,313",77%
Rebound,Family,2005,Steve Carr,"Martin Lawrence, Megan Mullally, Breckin Meyer","$17,492,014","$16,809,014",96.1%,"$683,000",3.9%
Rebound,Comedy,2005,Steve Carr,"Martin Lawrence, Megan Mullally, Breckin Meyer","$17,492,014","$16,809,014",96.1%,"$683,000",3.9%
Sister Act,Family,1992,Emile Ardolino,"Whoopi Goldberg, Maggie Smith, Kathy Najimy","$139,605,150","$139,605,150",100%,-,-
Sister Act,,1992,Emile Ardo ,,"$139,605,150","$139,605,150",100%,-,-
Sister Act,Comedy,1992,Emile Ardolino,"Whoopi Goldberg, Maggie Smith, Kathy Najimy","$139,605,150","$139,605,150",100%,-,-
Snow Dogs,Family,2002,Brian Levant,"Cuba Gooding Jr., James Coburn, Sisqó","$115,035,090","$81,172,560",70.6%,"$33,862,530",29.4%
Snow Dogs,Comedy,2002,Brian Levant,"Cuba Gooding Jr., James Coburn, Sisqó","$115,035,090","$81,172,560",70.6%,"$33,862,530",29.4%
Space Jam,Family,1996, Joe Pytka,"Michael Jordan, Wayne Knight, Theresa Randle","$90,418,342","$90,418,342",100%,-,-
Space Jam,Comedy,1996,Joe Pytka,"Michael Jordan, Wayne Knight, Theresa Randle","$90,418,342","$90,418,342",100%,-,-
The Fighting Temptations,Family,2003,Jonathan Lynn,"Cuba Gooding Jr., Beyoncé Knowles, Mike Epps","$33,972,062","$30,250,745",89%,"$3,721,317",11%
The Fighting Temptations,Comedy,2003,Jonathan Lynn,"Cuba Gooding Jr., Beyoncé Knowles, Mike Epps","$33,972,062","$30,250,745",89%,"$3,721,317",11%
The Meteor Man,Family,1993,Robert Townsend,"Robert Townsend, Marla Gibbs, Eddie Griffin","$8,016,708","$8,016,708",100%,-,-
The Meteor Man,Comedy,1993,Robert Townsend,"Robert Townsend, Marla Gibbs, Eddie Griffin","$8,016,708","$8,016,708",100%,-,-
The Princess and the Frog,Family,2009,"Ron Clements, John Musker","Anika Noni Rose, Keith David, Oprah Winfrey","$267,045,765","$104,400,899",39.1%,"$162,644,866",60.9%
The Pursuit of Happyness,Family,2006,Gabriele Muccino,"Will Smith, Thandie Newton, Jaden Smith","$307,127,625","$163,566,459",53.3%,"$143,561,166",46.7%
The Wiz,Family,1978,Sidney Lumet,"Diana Ross, Michael Jackson, Nipsey Russell","$21,049,053","$21,049,053",100%,-,-
Beverly Hills Cop,,1984,Martin Brest,,"$234,760,478","$234,760,478",100%,-,-
Beverly Hills Cop,Comedy,1984,Martin Brest,"Eddie Murphy, Judge Reinhold, John Ashton","$234,760,478","$234,760,478",100%,-,-
Beverly Hills Cop,Action,1984,Martin Brest,"Eddie Murphy, Judge Reinhold, John Ashton","$234,760,478","$234,760,478",100%,-,-
The Color Purple,,1985,Steven Spielberg,Whoopi Goldberg,"$94,175,854","$94,175,854",100%,-,-
The Color Purple,,1985,Steven Spielberg,,"$94,175,854","$94,175,854",100%,-,-
Boyz n the Hood,,1991,John Singleton,"Cuba Gooding, Jr. & Ice Cube","$57,504,069","$57,504,069",100%,-,-
A Rage in Harlem,,1991,Bill Duke,Forest Whitaker,"$10,438,504","$10,438,504",100%,-,-
The Bodyguard,,1992,Mick Jackson,,"$121,945,720","$121,945,720",100%,-,-
The Bodyguard,Romance,1992,Mick Jackson,"Kevin Costner, Whitney Houston, Gary Kemp","$121,945,720","$121,945,720",100%,-,-
The Pelican Brief,,1993,Alan J Pakula,,"$100,768,056","$100,768,056",100%,-,-
Above the Rim,,1994,Jeff Pollack,Duane Martin,"$16,192,320","$16,192,320",100%,-,-
Above the Rim,Drama,1994, Jeff Pollack,"Duane Martin, Tupac Shakur, Leon","$16,192,320","$16,192,320",100%,-,-
A Low Down Dirty Shame,,1994,Keenen Ivory Wayans,Keenen Ivory Wayans,"$29,392,418","$29,392,418",100%,-,-
A Low Down Dirty Shame,Comedy,1994,Keenen Ivory Wayans,"Keenen Ivory Wayans, Charles S. Dutton, Jada Pinkett Smith","$29,392,418","$29,392,418",100%,-,-
A Low Down Dirty Shame,Action,1994,Keenen Ivory Wayans,"Keenen Ivory Wayans, Charles S. Dutton, Jada Pinkett Smith","$29,392,418","$29,392,418",100%,-,-
Waiting to Exhale,,1995,Forest Whitaker,"Angela Bassett, Whitney Houston, Lela Rochon, Loretta Devine","$67,052,156","$67,052,156",100%,-,-
Waiting to Exhale,Comedy,1995,Forest Whitaker,"Whitney Houston, Angela Bassett, Loretta Devine","$67,052,156","$67,052,156",100%,-,-
Waiting to Exhale,Romance,1995,Forest Whitaker,"Whitney Houston, Angela Bassett, Loretta Devine","$67,052,156","$67,052,156",100%,-,-
The Nutty Professor,,1996,Tom Shadyac,,"$128,814,019","$128,814,019",100%,-,-
The Nutty Professor,Comedy,1996,Tom Shadyac,"Eddie Murphy, Jada Pinkett Smith, James Coburn","$128,814,019","$128,814,019",100%,-,-
The Nutty Professor,Romance,1996,Tom Shadyac,"Eddie Murphy, Jada Pinkett Smith, James Coburn","$128,814,019","$128,814,019",100%,-,-
Blade,,1998,Stephen Norrington,,"$131,183,530","$70,087,718",53.4%,"$61,095,812",46.6%
Blade,Action,1998,Stephen Norrington,"Wesley Snipes, Stephen Dorff, Kris Kristofferson","$131,183,530","$70,087,718",53.4%,"$61,095,812",46.6%
Blue Streak,,1999,Les Mayfield,,"$117,758,500","$68,518,533",58.2%,"$49,239,967",41.8%
Blue Streak,Comedy,1999,Les Mayfield,"Martin Lawrence, Luke Wilson, Peter Greene","$117,758,500","$68,518,533",58.2%,"$49,239,967",41.8%
Blue Streak,Action,1999,Les Mayfield," Martin Lawrence, Luke Wilson, Peter Greene","$117,758,500","$68,518,533",58.2%,"$49,239,967",41.8%
The Bone Collector,,1999,Phillip Noyce,,"$151,493,655","$66,518,655",43.9%,"$84,975,000",56.1%
Bamboozled,,2000,Spike Lee,Damon Wayans,"$2,463,650","$2,274,979",92.3%,"$188,671",7.7%
Bamboozled,Comedy,2000,Spike Lee,"Damon Wayans, Savion Glover, Jada Pinkett Smith","$2,463,650","$2,274,979",92.3%,"$188,671",7.7%
Bamboozled,Drama,2000,Spike Lee,"Damon Wayans, Savion Glover, Jada Pinkett Smith","$2,463,650","$2,274,979",92.3%,"$188,671",7.7%
Big Momma's House,,2000,Michael Bay,Martin Lawrence,"$173,959,438","$117,559,438",67.6%,"$56,400,000",32.4%
Ali,,2001,Michael Mann,Will Smith,"$87,713,825","$58,203,105",66.4%,"$29,510,720",33.6%
Ali,Drama,2001,Michael Mann,"Will Smith, Jamie Foxx, Jon Voight","$87,713,825","$58,203,105",66.4%,"$29,510,720",33.6%
Bones,,2001,Ernest R. Dickerson,Snoop Dogg,"$8,378,853","$7,316,658",87.3%,"$1,062,195",12.7%
The Brothers,,2001,Gary Hardwick,Morris Chestnut,"$27,958,191","$27,457,409",98.2%,"$500,782",1.8%
The Brothers,Comedy,2001,Gary Hardwick,"Morris Chestnut, Shemar Moore, D.L. Hughley","$27,958,191","$27,457,409",98.2%,"$500,782",1.8%
Training Day,,2001,Antoine Fuqua,,"$104,876,233","$76,631,907",73.1%,"$28,244,326",26.9%
All About the Benjamins,,2002,Kevin Bray,Ice Cube,"$26,306,533","$25,916,319",98.5%,"$390,214",1.5%
Antwone Fisher,,2002,Denzel Washington,Derek Luke,"$23,367,586","$21,078,145",90.2%,"$2,289,441",9.8%
Antwone Fisher,Romance,2002,Denzel Washington,"Denzel Washington, Derek Luke, Joy Bryant","$23,367,586","$21,078,145",90.2%,"$2,289,441",9.8%
Antwone Fisher,Drama,2002,Denzel Washington,"Denzel Washington, Derek Luke, Joy Bryant","$23,367,586","$21,078,145",90.2%,"$2,289,441",9.8%
Barbershop,,2002,Tim Story,Ice Cube,"$77,063,924","$75,782,105",98.3%,"$1,281,819",1.7%
Barbershop,Comedy,2002,Tim Story,"Ice Cube, Cedric the Entertainer, Eve","$77,063,924","$75,782,105",98.3%,"$1,281,819",1.7%
Barbershop,Drama,2002,Tim Story,"Ice Cube, Cedric the Entertainer, Eve","$77,063,924","$75,782,105",98.3%,"$1,281,819",1.7%
Bad Boys II,,2003,Michael Bay,Will Smith & Martin Lawrence,"$273,339,556","$138,608,444",50.7%,"$134,731,112",49.3%
Bad Boys II,Comedy,2003,Michael Bay,"Will Smith, Martin Lawrence, Gabrielle Union","$273,339,556","$138,608,444",50.7%,"$134,731,112",49.3%
Bad Boys II,Action,2003,Michael Bay,"Will Smith, Martin Lawrence, Gabrielle Union","$273,339,556","$138,608,444",50.7%,"$134,731,112",49.3%
Blade: Trinity,,2004,David S Goyer,,"$131,883,935","$52,411,906",39.7%,"$79,472,029",60.3%
Blade: Trinity,Action,2004,David S. Goyer,"Wesley Snipes, Kris Kristofferson, Parker Posey","$131,883,935","$52,411,906",39.7%,"$79,472,029",60.3%
Ray,,2004,Taylor Hackford,,"$123,971,376","$75,331,600",60.8%,"$48,639,776",39.2%
White Chicks,,2004,Keenen Ivory Wayans,,"$113,086,475","$70,831,760",62.6%,"$42,254,715",37.4%
White Chicks,Comedy,2004,Keenen Ivory Wayans,"Marlon Wayans, Shawn Wayans, Busy Philipps","$113,086,475","$70,831,760",62.6%,"$42,254,715",37.4%
Hitch,,2005,Andy Tennant,,"$371,594,210","$179,495,555",48.3%,"$192,098,655",51.7%
ATL,,2006,Chris Robinson,T.I.,"$21,170,563","$21,170,563",100%,-,-
Dreamgirls,,2006,Bill Condon,,"$155,430,335","$103,365,956",66.5%,"$52,064,379",33.5%
Dreamgirls,Drama,2006,Bill Condon,"Beyoncé Knowles, Jamie Foxx, Eddie Murphy","$155,430,335","$103,365,956",66.5%,"$52,064,379",33.5%
Inside Man,,2006,Spike Lee,,"$186,003,591","$88,513,495",47.6%,"$97,490,096",52.4%
Inside Man,Drama,2006,Spike Lee,"Denzel Washington, Clive Owen, Jodie Foster","$186,003,591","$88,513,495",47.6%,"$97,490,096",52.4%
American Gangster,,2007,Ridley Scott,Denzel Washington,"$269,755,430","$130,164,645",48.3%,"$139,590,785",51.7%
American Gangster,,2007,Ridley Scott,,"$269,755,430","$130,164,645",48.3%,"$139,590,785",51.7%
American Gangster,Drama,2007,Ridley Scott,"Denzel Washington, Russell Crowe, Chiwetel Ejiofor","$269,755,430","$130,164,645",48.3%,"$139,590,785",51.7%
I Am Legend,,2007,Francis Lawrence,,"$585,410,052","$256,393,010",43.8%,"$329,017,042",56.2%
I Am Legend,Drama,2007,Francis Lawrence,"Will Smith, Alice Braga, Charlie Tahan","$585,410,052","$256,393,010",43.8%,"$329,017,042",56.2%
Hancock,,2008,Peter Berg,,"$629,443,428","$227,946,274",36.2%,"$401,497,154",63.8%
Hancock,Action,2008,Peter Berg,"Will Smith, Charlize Theron, Jason Bateman","$629,443,428","$227,946,274",36.2%,"$401,497,154",63.8%
The Help,,2011,Tate Taylor,,"$216,639,112","$169,708,112",78.3%,"$46,931,000",21.7%
Beasts of the Southern Wild,,2012,Benh Zeitlin,Quvenzhané Wallis,"$21,107,746","$12,795,746",60.6%,"$8,312,000",39.4%
Django Unchained,,2012,Quentin Tarantino,,"$425,368,238","$162,805,434",38.3%,"$262,562,804",61.7%
Django Unchained,Drama,2012,Quentin Tarantino,"Jamie Foxx, Christoph Waltz, Leonardo DiCaprio","$425,368,238","$162,805,434",38.3%,"$262,562,804",61.7%
Black Nativity,,2013,Kasi Lemmons,Jacob Latimore,"$7,454,185","$7,018,189",94.2%,"$435,996",5.8%
The Butler,,2013,Lee Daniels,Forest Whitaker,"$1,929,069",-,-,"$1,929,069",100%
The Butler,,2013,Lee Daniels,,"$1,929,069",-,-,"$1,929,069",100%
Ride Along,,2014,Tim Storey,,"$154,468,902","$134,938,200",87.4%,"$19,530,702",12.6%
The Equalizer,,2014,Antoine Fuqua,,"$192,330,738","$101,530,738",52.8%,"$90,800,000",47.2%
Creed,,2015,Ryan Coogler,,"$173,567,581","$109,767,581",63.2%,"$63,800,000",36.8%
Straight Outta Compton,,2015,F. Gary Gray,,"$201,634,991","$161,197,785",79.9%,"$40,437,206",20.1%
The Birth of a Nation,,2016,Nate Parker,Nate Parker,"$16,779,212","$15,861,566",94.5%,"$917,646",5.5%
Central Intelligence,,2016,Rawson Marshall Thurber,,"$216,972,543","$127,440,871",58.7%,"$89,531,672",41.3%
Hidden Figures,,2016,Theodore Melfi,,"$235,956,898","$169,607,287",71.9%,"$66,349,611",28.1%
Ride Along 2,,2016,Tim Storey,,"$124,605,297","$91,221,830",73.2%,"$33,383,467",26.8%
All Eyez on Me,,2017,Benny Boom,Demetrius Shipp Jr.,"$55,668,698","$44,922,302",80.7%,"$10,746,396",19.3%
Get Out,,2017,Jordan Peele,,"$255,407,969","$176,040,665",68.9%,"$79,367,304",31.1%
Girls Trip,,2017,Malcolm D. Lee,,"$140,552,359","$115,171,585",81.9%,"$25,380,774",18.1%
Black Panther,,2018,Ryan Coogler,Chadwick Boseman,"$1,346,913,161","$700,059,566",52%,"$646,853,595",48%
Black Panther,,2018,Ryan Coogler,,"$1,346,913,161","$700,059,566",52%,"$646,853,595",48%
A Wrinkle in Time,,2018,Ava DuVernay,Storm Reid,"$132,675,864","$100,478,608",75.7%,"$32,197,256",24.3%
BlacKkKlansman,,2018,Spike Lee,John David Washington,"$93,400,823","$49,275,340",52.8%,"$44,125,483",47.2%
Green Book,,2018,Peter Farrelly,Mahershala Ali,"$321,752,656","$85,080,171",26.4%,"$236,672,485",73.6%
The Equalizer 2,,2018,Antoine Fuqua,,"$190,400,157","$102,084,362",53.6%,"$88,315,795",46.4%
What Men Want,,2019,Adam Shankman,Taraji P. Henson,"$72,216,294","$54,611,903",75.6%,"$17,604,391",24.4%
Us,,2019,Jordan Peele,,"$255,184,580","$175,084,580",68.6%,"$80,100,000",31.4%
Bad Boys for Life,,2020,Adil & Bilall,Will Smith & Martin Lawrence,"$426,505,244","$206,305,244",48.4%,"$220,200,000",51.6%
30 Years to Life,Comedy,2001,Vanessa Middleton,"Erika Alexander, Melissa De Sousa, Tracy Morgan","$103,540","$103,540",100%,-,-
30 Years to Life,Romance,2001,Vanessa Middleton,"Erika Alexander, Melissa De Sousa, Tracy Morgan","$103,540","$103,540",100%,-,-
30 Years to Life,Drama,2001,Vanessa Middleton,"Erika Alexander, Melissa De Sousa, Tracy Morgan","$103,540","$103,540",100%,-,-
35 and Ticking,Comedy,2011,Russ Parr,"Tamala Jones, Nicole Ari Parker, Kevin Hart","$113,794","$113,794",100%,-,-
35 and Ticking,Romance,2011,Russ Parr,"Tamala Jones, Nicole Ari Parker, Kevin Hart","$113,794","$113,794",100%,-,-
A Family Thing,Comedy,1996,Richard Pearce,"Robert Duvall, James Earl Jones, Michael Beach","$10,125,417","$10,125,417",100%,-,-
A Family Thing,Drama,1996,Richard Pearce,"Robert Duvall, James Earl Jones, Michael Beach","$10,125,417","$10,125,417",100%,-,-
A Thin Line Between Love and Hate,Comedy,1996,Martin Lawrence,"Martin Lawrence, Lynn Whitfield, Regina King","$34,767,836","$34,767,836",100%,-,-
A Thousand Words,Comedy,2012,Brian Robbins,"Eddie Murphy, Cliff Curtis, Kerry Washington","$22,044,277","$18,450,127",83.7%,"$3,594,150",16.3%
A Thousand Words,Drama,2012,Brian Robbins,"Eddie Murphy, Cliff Curtis, Kerry Washington","$22,044,277","$18,450,127",83.7%,"$3,594,150",16.3%
Baby Boy,Comedy,2001,John Singleton,"AlexSandra Wright, Tyrese Gibson, Taraji P. Henson","$29,381,649","$28,734,552",97.8%,"$647,097",2.2%
Baby Boy,Drama,2001,John Singleton,"AlexSandra Wright, Tyrese Gibson, Taraji P. Henson","$29,381,649","$28,734,552",97.8%,"$647,097",2.2%
Barbershop 2: Back in Business,Comedy,2004,Kevin Rodney Sullivan,"Ice Cube, Cedric the Entertainer, Eve","$65,991,448","$65,111,277",98.7%,"$880,171",1.3%
Barbershop 2: Back in Business,Drama,2004,Kevin Rodney Sullivan,"Ice Cube, Cedric the Entertainer, Eve","$65,991,448","$65,111,277",98.7%,"$880,171",1.3%
Beauty Shop,Comedy,2005,Bille Woodruff,"Queen Latifah, Alicia Silverstone, Djimon Hounsou","$37,245,453","$36,351,350",97.6%,"$894,103",2.4%
Blankman,Comedy,1994,Mike Binder,"Damon Wayans, David Alan Grier, Robin Givens","$7,941,977","$7,941,977",100%,-,-
Booty Call,Comedy,1997,Jeff Pollack,"Jamie Foxx, Tommy Davidson, Vivica A. Fox","$20,050,376","$20,050,376",100%,-,-
Breakin' All the Rules,Comedy,2004,Daniel Taplitz,"Jamie Foxx, Gabrielle Union, Morris Chestnut","$12,544,254","$12,264,319",97.8%,"$279,935",2.2%
Breakin' All the Rules,Romance,2004,Daniel Taplitz,"Jamie Foxx, Gabrielle Union, Morris Chestnut","$12,544,254","$12,264,319",97.8%,"$279,935",2.2%
Brewster's Millions,Comedy,1985,Walter Hill,"Richard Pryor, John Candy, Lonette McKee","$40,833,132","$40,833,132",100%,-,-
Bringing Down the House,Comedy,2003,Adam Shankman,"Steve Martin, Queen Latifah, Eugene Levy","$164,729,679","$132,716,677",80.6%,"$32,013,002",19.4%
Bustin' Loose,Comedy,1981,Oz Scott,"Richard Pryor, Cicely Tyson, Ángel Ramírez","$31,261,269","$31,261,269",100%,-,-
Carbon Copy,Comedy,1981,Michael Schultz,"George Segal, Susan Saint James, Jack Warden","$9,566,593","$9,566,593",100%,-,-
Catfish in Black Bean Sauce,Comedy,1999,Chi Muoi Lo,"Chi Muoi Lo, Sanaa Lathan, Paul Winfield","$1,319,592","$1,319,592",100%,-,-
Catfish in Black Bean Sauce,Drama,1999,Chi Muoi Lo,"Chi Muoi Lo, Sanaa Lathan, Paul Winfield","$1,319,592","$1,319,592",100%,-,-
Class Act,Comedy,1992,Randall Miller,"Christopher Reid, Christopher Martin, Andre Rosey Brown","$13,272,113","$13,272,113",100%,-,-
Coming to America,Comedy,1988,John Landis,"Eddie Murphy, Arsenio Hall, James Earl Jones","$128,152,301","$128,152,301",100%,-,-
Coming to America,Romance,1988,John Landis,"Eddie Murphy, Arsenio Hall, James Earl Jones","$128,152,301","$128,152,301",100%,-,-
Coming to America,Drama,1988,John Landis,"Eddie Murphy, Arsenio Hall, James Earl Jones","$128,152,301","$128,152,301",100%,-,-
"Corrina, Corrina",Comedy,1994,Jessie Nelson,"Ray Liotta, Whoopi Goldberg, Tina Majorino","$20,164,171","$20,164,171",100%,-,-
"Corrina, Corrina",Romance,1994,Jessie Nelson,"Ray Liotta, Whoopi Goldberg, Tina Majorino","$20,164,171","$20,164,171",100%,-,-
"Corrina, Corrina",Drama,1994,Jessie Nelson,"Ray Liotta, Whoopi Goldberg, Tina Majorino","$20,164,171","$20,164,171",100%,-,-
Critical Condition,Comedy,1987,Michael Apted,"Richard Pryor, Rachel Ticotin, Rubén Blades","$20,240,502","$20,240,502",100%,-,-
Crooklyn,Comedy,1994,Spike Lee,"Alfre Woodard, Delroy Lindo, David Patrick Kelly","$13,642,861","$13,642,861",100%,-,-
Crooklyn,Drama,1994,Spike Lee,"Alfre Woodard, Delroy Lindo, David Patrick Kelly","$13,642,861","$13,642,861",100%,-,-
Deliver Us from Eva,Comedy,2003,Gary Hardwick,"Gabrielle Union, LL Cool J, Essence Atkins","$17,573,594","$17,573,594",100%,-,-
Deliver Us from Eva,Romance,2003,Gary Hardwick,"Gabrielle Union, LL Cool J, Essence Atkins","$17,573,594","$17,573,594",100%,-,-
Deliver Us from Eva,Drama,2003,Gary Hardwick,"Gabrielle Union, LL Cool J, Essence Atkins","$17,573,594","$17,573,594",100%,-,-
Diary of a Mad Black Woman,Comedy,2005,Darren Grant,"Kimberly Elise, Steve Harris, Tyler Perry","$50,652,203","$50,633,099",100%,"$19,104",<0.1%
Diary of a Mad Black Woman,Romance,2005,Darren Grant,"Kimberly Elise, Steve Harris, Tyler Perry","$50,652,203","$50,633,099",100%,"$19,104",<0.1%
Diary of a Mad Black Woman,Drama,2005,Darren Grant,"Kimberly Elise, Steve Harris, Tyler Perry","$50,652,203","$50,633,099",100%,"$19,104",<0.1%
Dirty Laundry,Comedy,2006,Maurice Jamal,"Rockmond Dunbar, Loretta Devine, Jenifer Lewis","$20,138","$20,138",100%,-,-
Dirty Laundry,Drama,2006,Maurice Jamal,"Rockmond Dunbar, Loretta Devine, Jenifer Lewis","$20,138","$20,138",100%,-,-
Disorderlies,Comedy,1987,Michael Schultz,"Darren Robinson, Damon Wimbley, Mark Morales","$10,348,437","$10,348,437",100%,-,-
Don't Be a Menace to South Central While Drinking Your Juice in the Hood,Comedy,1996,Paris Barclay,"Shawn Wayans, Marlon Wayans, Keenen Ivory Wayans","$20,109,115","$20,109,115",100%,-,-
Down to Earth,Comedy,2001,"Chris Weitz, Paul Weitz","Chris Rock, Regina King, Chazz Palminteri","$71,186,502","$64,186,502",90.2%,"$7,000,000",9.8%
Down to Earth,Romance,2001,"Chris Weitz, Paul Weitz","Chris Rock, Regina King, Chazz Palminteri","$71,186,502","$64,186,502",90.2%,"$7,000,000",9.8%
Driving Miss Daisy,Comedy,1989,Bruce Beresford,"Morgan Freeman, Jessica Tandy, Dan Aykroyd","$106,593,296","$106,593,296",100%,-,-
Driving Miss Daisy,Drama,1989,Bruce Beresford,"Morgan Freeman, Jessica Tandy, Dan Aykroyd","$106,593,296","$106,593,296",100%,-,-
Drumline,Comedy,2002,Charles Stone III,"Nick Cannon, Zoe Saldana, Orlando Jones","$57,588,485","$56,399,184",97.9%,"$1,189,301",2.1%
Drumline,Romance,2002,Charles Stone III,"Nick Cannon, Zoe Saldana, Orlando Jones","$57,588,485","$56,399,184",97.9%,"$1,189,301",2.1%
Drumline,Drama,2002,Charles Stone III,"Nick Cannon, Zoe Saldana, Orlando Jones","$57,588,485","$56,399,184",97.9%,"$1,189,301",2.1%
Dysfunctional Friends,Comedy,2012,Corey Grant,"Stacey Dash, Reagan Gomez-Preston, Wesley Jonathan","$13,546","$13,546",100%,-,-
Eddie,Comedy,1996,Steve Rash,"Whoopi Goldberg, Frank Langella, Dennis Farina","$31,387,164","$31,387,164",100%,-,-
Fear of a Black Hat,Comedy,1993,Rusty Cundieff,"Larry B. Scott, Mark Christopher Lawrence, Rusty Cundieff","$233,824","$233,824",100%,-,-
Foolish,Comedy,1999,Dave Meyers,"Eddie Griffin, Master P, Amie Petersen","$6,033,999","$6,033,999",100%,-,-
Friday,Comedy,1995,F. Gary Gray,"Ice Cube, Chris Tucker, Nia Long","$27,467,564","$27,467,564",100%,-,-
Friday,Drama,1995,F. Gary Gray,"Ice Cube, Chris Tucker, Nia Long","$27,467,564","$27,467,564",100%,-,-
Friday After Next,Comedy,2002,Marcus Raboy,"Ice Cube, Mike Epps, John Witherspoon","$33,526,835","$33,253,609",99.2%,"$273,226",0.8%
Friday After Next,Drama,2002,Marcus Raboy,"Ice Cube, Mike Epps, John Witherspoon","$33,526,835","$33,253,609",99.2%,"$273,226",0.8%
Girl 6,Comedy,1996,Spike Lee,"Theresa Randle, Isaiah Washington, Spike Lee","$4,939,939","$4,939,939",100%,-,-
Girl 6,Drama,1996,Spike Lee,"Theresa Randle, Isaiah Washington, Spike Lee","$4,939,939","$4,939,939",100%,-,-
Glory Road,Comedy,2006,James Gartner,"Josh Lucas, Derek Luke, Austin Nichols","$42,938,449","$42,647,449",99.3%,"$291,000",0.7%
Glory Road,Drama,2006,James Gartner,"Josh Lucas, Derek Luke, Austin Nichols","$42,938,449","$42,647,449",99.3%,"$291,000",0.7%
Good Deeds,Comedy,2012,Tyler Perry,"Tyler Perry, Gabrielle Union, Thandie Newton","$35,579,177","$35,025,791",98.4%,"$553,386",1.6%
Good Deeds,Romance,2012,Tyler Perry,"Tyler Perry, Gabrielle Union, Thandie Newton","$35,579,177","$35,025,791",98.4%,"$553,386",1.6%
Good Deeds,Drama,2012,Tyler Perry,"Tyler Perry, Gabrielle Union, Thandie Newton","$35,579,177","$35,025,791",98.4%,"$553,386",1.6%
Gridlock'd,Comedy,1997,Vondie Curtis-Hall,"Tupac Shakur, Tim Roth, Thandie Newton","$5,571,205","$5,571,205",100%,-,-
Guess Who,Comedy,2005,Kevin Rodney Sullivan,"Ashton Kutcher, Bernie Mac, Zoe Saldana","$103,121,466","$68,915,888",66.8%,"$34,205,578",33.2%
Guess Who,Romance,2005,Kevin Rodney Sullivan,"Ashton Kutcher, Bernie Mac, Zoe Saldana","$103,121,466","$68,915,888",66.8%,"$34,205,578",33.2%
Hangin' with the Homeboys,Comedy,1991,Joseph B. Vasquez,"Doug E. Doug, Mario Joyner, John Leguizamo","$532,933","$532,933",100%,-,-
Hangin' with the Homeboys,Drama,1991,Joseph B. Vasquez,"Doug E. Doug, Mario Joyner, John Leguizamo","$532,933","$532,933",100%,-,-
Harlem Nights,Comedy,1989,Eddie Murphy,"Eddie Murphy, Richard Pryor, Redd Foxx","$60,864,870","$60,864,870",100%,-,-
Harlem Nights,Drama,1989,Eddie Murphy,"Eddie Murphy, Richard Pryor, Redd Foxx","$60,864,870","$60,864,870",100%,-,-
Hav Plenty,Comedy,1997,Christopher Scott Cherot,"Christopher Scott Cherot, Chenoa Maxwell, Tammi Katherine Jones","$2,284,034","$2,284,034",100%,-,-
Head of State,Comedy,2003,Chris Rock,"Chris Rock, Bernie Mac, Lynn Whitfield","$38,620,484","$38,125,247",98.7%,"$495,237",1.3%
Heart Condition,Comedy,1990,James D. Parriott,"Bob Hoskins, Denzel Washington, Chloe Webb","$4,134,992","$4,134,992",100%,-,-
Heart Condition,Drama,1990,James D. Parriott,"Bob Hoskins, Denzel Washington, Chloe Webb","$4,134,992","$4,134,992",100%,-,-
Heart Condition,Action,1990, James D. Parriott,"Bob Hoskins, Denzel Washington, Chloe Webb","$4,134,992","$4,134,992",100%,-,-
Hollywood Shuffle,Comedy,1987,Robert Townsend,"Robert Townsend, Craigus R. Johnson, Helen Martin","$5,228,617","$5,228,617",100%,-,-
House Party,Comedy,1990,Reginald Hudlin,"Christopher Reid, Robin Harris, Christopher Martin","$26,385,627","$26,385,627",100%,-,-
House Party,Romance,1990,Reginald Hudlin,"Christopher Reid, Robin Harris, Christopher Martin","$26,385,627","$26,385,627",100%,-,-
House Party 2,Comedy,1991,"George Jackson, Doug McHenry","Christopher Reid, Christopher Martin, Martin Lawrence","$19,438,638","$19,438,638",100%,-,-
House Party 2,Drama,1991,"George Jackson, Doug McHenry","Christopher Reid, Christopher Martin, Martin Lawrence","$19,438,638","$19,438,638",100%,-,-
House Party 3,Comedy,1994,Eric Meza,"Christopher Reid, Christopher Martin, David Edwards","$19,281,235","$19,281,235",100%,-,-
House Party 3,Romance,1994,Eric Meza,"Christopher Reid, Christopher Martin, David Edwards","$19,281,235","$19,281,235",100%,-,-
How High,Comedy,2001,Jesse Dylan,"Method Man, Redman, Obba Babatundé","$31,283,740","$31,178,740",99.7%,"$105,000",0.3%
I Got the Hook Up,Comedy,1998,Michael Martin,"Master P, Anthony Johnson, Gretchen Palmer","$10,317,779","$10,317,779",100%,-,-
I Think I Love My Wife,Comedy,2007,Chris Rock,"Chris Rock, Kerry Washington, Gina Torres","$13,369,768","$12,550,605",93.9%,"$819,163",6.1%
I Think I Love My Wife,Romance,2007,Chris Rock,"Chris Rock, Kerry Washington, Gina Torres","$13,369,768","$12,550,605",93.9%,"$819,163",6.1%
I Think I Love My Wife,Drama,2007,Chris Rock,"Chris Rock, Kerry Washington, Gina Torres","$13,369,768","$12,550,605",93.9%,"$819,163",6.1%
I'm Gonna Git You Sucka,Comedy,1988,Keenen Ivory Wayans,"Keenen Ivory Wayans, Bernie Casey, Antonio Fargas","$13,030,057","$13,030,057",100%,-,-
I'm Gonna Git You Sucka,Action,1988,Keenen Ivory Wayans,"Keenen Ivory Wayans, Bernie Casey, Antonio Fargas","$13,030,057","$13,030,057",100%,-,-
Johnson Family Vacation,Comedy,2004,Christopher Erskin,"Cedric the Entertainer, Shannon Elizabeth, Bow Wow","$31,326,183","$31,203,964",99.6%,"$122,219",0.4%
Jumping the Broom,Comedy,2011,Salim Akil,"Paula Patton, Laz Alonso, Angela Bassett","$38,158,601","$37,295,394",97.7%,"$863,207",2.3%
Jumping the Broom,Drama,2011,Salim Akil,"Paula Patton, Laz Alonso, Angela Bassett","$38,158,601","$37,295,394",97.7%,"$863,207",2.3%
Just Wright,Comedy,2010,Sanaa Hamri,"Queen Latifah, Common, Paula Patton","$21,584,424","$21,540,363",99.8%,"$44,061",0.2%
Just Wright,Romance,2010,Sanaa Hamri,"Queen Latifah, Common, Paula Patton","$21,584,424","$21,540,363",99.8%,"$44,061",0.2%
Juwanna Mann,Comedy,2002,Jesse Vaughan,"Miguel A. Núñez Jr., Christopher Simmons, Vivica A. Fox","$13,802,599","$13,670,733",99%,"$131,866",1%
Juwanna Mann,Romance,2002, Jesse Vaughan,"Miguel A. Núñez Jr., Christopher Simmons, Vivica A. Fox","$13,802,599","$13,670,733",99%,"$131,866",1%
Juwanna Mann,Drama,2002,Jesse Vaughan,"Miguel A. Núñez Jr., Christopher Simmons, Vivica A. Fox","$13,802,599","$13,670,733",99%,"$131,866",1%
Krush Groove,Comedy,1985,Michael Schultz,"Sheila E., Joseph Simmons, Darryl McDaniels","$11,052,713","$11,052,713",100%,-,-
Krush Groove,Drama,1985,Michael Schultz,"Sheila E., Joseph Simmons, Darryl McDaniels","$11,052,713","$11,052,713",100%,-,-
Last Holiday,Comedy,2006,Wayne Wang,"Queen Latifah, LL Cool J, Timothy Hutton","$43,451,846","$38,399,961",88.4%,"$5,051,885",11.6%
Last Holiday,Drama,2006,Wayne Wang,"Queen Latifah, LL Cool J, Timothy Hutton","$43,451,846","$38,399,961",88.4%,"$5,051,885",11.6%
Little Man,Comedy,2006,Keenen Ivory Wayans,"Shawn Wayans, Marlon Wayans, Kerry Washington","$104,003,322","$58,645,052",56.4%,"$45,358,270",43.6%
Livin' Large!,Comedy,1991,Michael Schultz,"Terrence ‘T.C.’ Carson, Lisa Arrindell Anderson, Blanche Baker","$5,467,959","$5,467,959",100%,-,-
Livin' Large!,Drama,1991,Michael Schultz,"Terrence ‘T.C.’ Carson, Lisa Arrindell Anderson, Blanche Baker","$5,467,959","$5,467,959",100%,-,-
Lottery Ticket,Comedy,2010,Erik White,"Bow Wow, Brandon T. Jackson, Naturi Naughton","$24,719,879","$24,719,879",100%,-,-
Love Don't Cost a Thing,Comedy,2003,Troy Byer,"Nick Cannon, Christina Milian, Jordan Burg","$21,964,072","$21,924,226",99.8%,"$39,846",0.2%
Love Don't Cost a Thing,Drama,2003,Troy Byer,"Nick Cannon, Christina Milian, Jordan Burg","$21,964,072","$21,924,226",99.8%,"$39,846",0.2%
Made in America,Comedy,1993,Richard Benjamin,"Whoopi Goldberg, Ted Danson, Will Smith","$44,942,695","$44,942,695",100%,-,-
Madea Goes to Jail,Comedy,2009,Tyler Perry,"Tyler Perry, Keshia Knight Pulliam, Derek Luke","$90,508,336","$90,508,336",100%,-,-
Madea Goes to Jail,Drama,2009,Tyler Perry,"Tyler Perry, Keshia Knight Pulliam, Derek Luke","$90,508,336","$90,508,336",100%,-,-
Madea's Big Happy Family,Comedy,2011,Tyler Perry,"Tyler Perry, Loretta Devine, Bow Wow","$54,161,287","$53,345,287",98.5%,"$816,000",1.5%
Madea's Family Reunion,Comedy,2006,Tyler Perry,"Tyler Perry, Blair Underwood, Lynn Whitfield","$63,368,939","$63,318,000",99.9%,"$50,939",<0.1%
Madea's Witness Protection,Comedy,2012,Tyler Perry,"Tyler Perry, Eugene Levy, Denise Richards","$66,899,242","$65,653,242",98.1%,"$1,246,000",1.9%
Major Payne,Comedy,1995,Nick Castle,"Damon Wayans, Michael Ironside, Scott Bigalow","$29,412,050","$29,412,050",100%,-,-
Meet the Browns,Comedy,2008,Tyler Perry,"Tamela J. Mann, Angela Bassett, Tyler Perry","$41,975,388","$41,975,388",100%,-,-
Meet the Browns,Romance,2008,Tyler Perry,"Tamela J. Mann, Angela Bassett, Tyler Perry","$41,975,388","$41,975,388",100%,-,-
Men in Black,Comedy,1997,Barry Sonnenfeld,"Tommy Lee Jones, Will Smith, Linda Fiorentino","$250,690,539","$250,690,539",100%,-,-
Men in Black II,Comedy,2002,Barry Sonnenfeld,"Tommy Lee Jones, Will Smith, Rip Torn","$441,818,803","$190,418,803",43.1%,"$251,400,000",56.9%
Men in Black II,Action,2002,Barry Sonnenfeld,"Tommy Lee Jones, Will Smith, Rip Torn","$441,818,803","$190,418,803",43.1%,"$251,400,000",56.9%
Mississippi Masala,Comedy,1991,Mira Nair,"Denzel Washington, Sarita Choudhury, Roshan Seth","$7,308,786","$7,308,786",100%,-,-
Mississippi Masala,Romance,1991,Mira Nair,"Denzel Washington, Sarita Choudhury, Roshan Seth","$7,308,786","$7,308,786",100%,-,-
Moving,Comedy,1988,Alan Metter,"Richard Pryor, Beverly Todd, Stacey Dash","$10,815,378","$10,815,378",100%,-,-
Mo' Money,Comedy,1992,Peter MacDonald,"Damon Wayans, Stacey Dash, Marlon Wayans","$40,227,006","$40,227,006",100%,-,-
Mo' Money,Romance,1992,Peter MacDonald,"Damon Wayans, Stacey Dash, Marlon Wayans","$40,227,006","$40,227,006",100%,-,-
Mr. 3000,Comedy,2004,Charles Stone III,"Bernie Mac, Angela Bassett, Michael Rispoli","$21,839,377","$21,811,187",99.9%,"$28,190",0.1%
Mr. 3000,Romance,2004,Charles Stone III,"Bernie Mac, Angela Bassett, Michael Rispoli","$21,839,377","$21,811,187",99.9%,"$28,190",0.1%
Next Friday,Comedy,2000,Steve Carr,"Ice Cube, Mike Epps, Justin Pierce","$59,827,328","$57,328,603",95.8%,"$2,498,725",4.2%
Our Family Wedding,Comedy,2010,Rick Famuyiwa,"America Ferrera, Forest Whitaker, Carlos Mencia","$21,409,028","$20,255,281",94.6%,"$1,153,747",5.4%
Our Family Wedding,Romance,2010,Rick Famuyiwa,"America Ferrera, Forest Whitaker, Carlos Mencia","$21,409,028","$20,255,281",94.6%,"$1,153,747",5.4%
Phat Beach,Comedy,1996,Doug Ellin,"Jermaine ‘Huggy’ Hopkins, Brian Hooks, Claudia Kaleem","$1,383,553","$1,383,553",100%,-,-
Phat Girlz,Comedy,2006,Nnegest Likké,"Mo’Nique, Kendra C. Johnson, Jimmy Jean-Louis","$7,403,491","$7,061,128",95.4%,"$342,363",4.6%
Pootie Tang,Comedy,2001,Louis C.K.,"Chris Rock, Lance Crouther, J.B. Smoove","$3,313,583","$3,313,583",100%,-,-
Preaching to the Choir,Comedy,2005,Charles Randolph-Wright,"Billoah Greene, Darien Sills-Evans, Novella Nelson","$405,191","$405,191",100%,-,-
Roll Bounce,Comedy,2005,Malcolm D. Lee,"Bow Wow, Nick Cannon, Meagan Good","$17,500,866","$17,380,866",99.3%,"$120,000",0.7%
Rush Hour,Comedy,1998,Brett Ratner,"Jackie Chan, Chris Tucker, Ken Leung","$244,386,864","$141,186,864",57.8%,"$103,200,000",42.2%
Rush Hour,Action,1998,Brett Ratner,"Jackie Chan, Chris Tucker, Ken Leung","$244,386,864","$141,186,864",57.8%,"$103,200,000",42.2%
Rush Hour 2,Comedy,2001,Brett Ratner,"Jackie Chan, Chris Tucker, John Lone","$347,325,802","$226,164,286",65.1%,"$121,161,516",34.9%
Rush Hour 2,Action,2001,Brett Ratner," Jackie Chan, Chris Tucker, John Lone","$347,325,802","$226,164,286",65.1%,"$121,161,516",34.9%
Rush Hour 3,Comedy,2007,Brett Ratner,"Jackie Chan, Chris Tucker, Max von Sydow","$258,097,122","$140,125,968",54.3%,"$117,971,154",45.7%
Rush Hour 3,Action,2007,Brett Ratner,"Jackie Chan, Chris Tucker, Max von Sydow","$258,097,122","$140,125,968",54.3%,"$117,971,154",45.7%
School Daze,Comedy,1988,Spike Lee,"Laurence Fishburne, Giancarlo Esposito, Tisha Campbell-Martin","$14,545,844","$14,545,844",100%,-,-
"See No Evil, Hear No Evil",Comedy,1989,Arthur Hiller,"Richard Pryor, Gene Wilder, Joan Severance","$46,908,987","$46,908,987",100%,-,-
"See No Evil, Hear No Evil",Action,1989,Arthur Hiller,"Richard Pryor, Gene Wilder, Joan Severance","$46,908,987","$46,908,987",100%,-,-
She Hate Me,Comedy,2004,Spike Lee,"Anthony Mackie, Kerry Washington, Ellen Barkin","$1,522,377","$366,037",24%,"$1,156,340",76%
She's Gotta Have It,Comedy,1986,Spike Lee,"Tracy Camilla Johns, Tommy Redmond Hicks, John Canada Terrell","$7,137,502","$7,137,502",100%,-,-
She's Gotta Have It,Romance,1986,Spike Lee,"Tracy Camilla Johns, Tommy Redmond Hicks, John Canada Terrell","$7,137,502","$7,137,502",100%,-,-
Some Kind of Hero,Comedy,1982,Michael Pressman,"Richard Pryor, Margot Kidder, Ray Sharkey","$23,671,186","$23,671,186",100%,-,-
Soul Food,Comedy,1997,George Tillman Jr.,"Vanessa Williams, Vivica A. Fox, Nia Long","$43,700,855","$43,700,855",100%,-,-
Soul Men,Comedy,2008,Malcolm D. Lee,"Samuel L. Jackson, Bernie Mac, Sharon Leal","$12,331,637","$12,082,391",98%,"$249,246",2%
Soul Plane,Comedy,2004, Jessy Terrero,"Dwayne Adway, Snoop Dogg, Tom Arnold","$14,821,824","$14,190,750",95.7%,"$631,074",4.3%
Sprung,Comedy,1997,Rusty Cundieff,"Tisha Campbell-Martin, Rusty Cundieff, Paula Jai Parker","$7,575,028","$7,575,028",100%,-,-
Stir Crazy,Comedy,1980,Sidney Poitier,"Gene Wilder, Richard Pryor, Georg Stanford Brown","$101,300,000","$101,300,000",100%,-,-
Strictly Business,Comedy,1991,Kevin Hooks,"Tommy Davidson, Joseph C. Phillips, Anne-Marie Johnson","$7,683,267","$7,683,267",100%,-,-
Strictly Business,Romance,1991,Kevin Hooks,"Tommy Davidson, Joseph C. Phillips, Anne-Marie Johnson","$7,683,267","$7,683,267",100%,-,-
Tap,Comedy,1989,Nick Castle,"Gregory Hines, Suzzanne Douglas, Sammy Davis Jr.","$9,114,702","$9,114,702",100%,-,-
The Associate,Comedy,1996,Donald Petrie,"Whoopi Goldberg, Dianne Wiest, Eli Wallach","$12,844,057","$12,844,057",100%,-,-
The Cookout,Comedy,2004,Lance Rivera,"Quran Pender, Jenifer Lewis, Ja Rule","$12,009,070","$11,814,019",98.4%,"$195,051",1.6%
The Distinguished Gentleman,Comedy,1992,Jonathan Lynn,"Eddie Murphy, Lane Smith, Sheryl Lee Ralph","$46,666,502","$46,666,502",100%,-,-
The Gods Must Be Crazy,Comedy,1980,Jamie Uys,"N!xau, Marius Weyers, Sandra Prinsloo","$30,031,783","$30,031,783",100%,-,-
The Gods Must Be Crazy,Action,1980,Jamie Uys,"N!xau, Marius Weyers, Sandra Prinsloo","$30,031,783","$30,031,783",100%,-,-
The Golden Child,Comedy,1986,Michael Ritchie,"Eddie Murphy, J.L. Reate, Charles Dance","$79,817,937","$79,817,937",100%,-,-
The Golden Child,Action,1986,Michael Ritchie,"Eddie Murphy, J.L. Reate, Charles Dance","$79,817,937","$79,817,937",100%,-,-
The Great White Hype,Comedy,1996,Reginald Hudlin,"Samuel L. Jackson, Jeff Goldblum, Damon Wayans","$8,008,255","$8,008,255",100%,-,-
The Inkwell,Comedy,1994,Matty Rich,"Larenz Tate, Joe Morton, Suzzanne Douglas","$8,880,705","$8,880,705",100%,-,-
The Inkwell,Romance,1994,Matty Rich,"Larenz Tate, Joe Morton, Suzzanne Douglas","$8,880,705","$8,880,705",100%,-,-
The Ladies Man,Comedy,2000,Reginald Hudlin,"Tim Meadows, Karyn Parsons, Billy Dee Williams","$13,743,212","$13,616,610",99.1%,"$126,602",0.9%
The Last Dragon,Comedy,1985,Michael Schultz,"Taimak, Vanity, Christopher Murney","$25,754,284","$25,754,284",100%,-,-
The Last Dragon,Action,1985,Michael Schultz,"Taimak, Vanity, Christopher Murney","$25,754,284","$25,754,284",100%,-,-
The Longshots,Comedy,2008,Fred Durst,"Ice Cube, Keke Palmer, Tasha Smith","$11,767,866","$11,537,046",98%,"$230,820",2%
The Players Club,Comedy,1998,Ice Cube,"LisaRaye, Dick Anthony Williams, Judyann Elder","$23,261,485","$23,047,939",99.1%,"$213,546",0.9%
The Toy,Comedy,1982,Richard Donner,"Richard Pryor, Jackie Gleason, Ned Beatty","$47,118,057","$47,118,057",100%,-,-
The Wash,Comedy,2001,DJ Pooh,"Dr. Dre, Snoop Dogg, Anthony Albano","$10,229,331","$10,097,538",98.7%,"$131,793",1.3%
The Wood,Comedy,1999,Rick Famuyiwa,"Elayn J. Taylor, Omar Epps, Richard T. Jones","$25,059,640","$25,059,640",100%,-,-
The Wood,Romance,1999,Rick Famuyiwa,"Elayn J. Taylor, Omar Epps, Richard T. Jones","$25,059,640","$25,059,640",100%,-,-
Think Like a Man,Comedy,2012,Tim Story,"Chris Brown, Gabrielle Union, Kevin Hart","$96,070,507","$91,547,205",95.3%,"$4,523,302",4.7%
Think Like a Man,Romance,2012,Tim Story,"Chris Brown, Gabrielle Union, Kevin Hart","$96,070,507","$91,547,205",95.3%,"$4,523,302",4.7%
This Christmas,Comedy,2007,Preston A. Whitmore II,"Regina King, Columbus Short, Delroy Lindo","$49,778,552","$49,121,934",98.7%,"$656,618",1.3%
This Christmas,Romance,2007,Preston A. Whitmore II,"Regina King, Columbus Short, Delroy Lindo","$49,778,552","$49,121,934",98.7%,"$656,618",1.3%
Trading Places,Comedy,1983,John Landis,"Eddie Murphy, Dan Aykroyd, Ralph Bellamy","$90,404,800","$90,404,800",100%,-,-
True Identity,Comedy,1991,Charles Lane,"Lenny Henry, Frank Langella, Charles Lane","$4,693,236","$4,693,236",100%,-,-
Under the Cherry Moon,Comedy,1986,Prince,"Prince, Jerome Benton, Kristin Scott Thomas","$10,090,429","$10,090,429",100%,-,-
Undercover Brother,Comedy,2002,Malcolm D. Lee,"Eddie Griffin, Denise Richards, Aunjanue Ellis","$41,604,473","$39,089,928",94%,"$2,514,545",6%
Undercover Brother,Action,2002,Malcolm D. Lee,"Eddie Griffin, Denise Richards, Aunjanue Ellis","$41,604,473","$39,089,928",94%,"$2,514,545",6%
Vampire in Brooklyn,Comedy,1995,Wes Craven,"Eddie Murphy, Angela Bassett, Allen Payne","$19,751,736","$19,751,736",100%,-,-
Vampire in Brooklyn,Romance,1995,Wes Craven,"Eddie Murphy, Angela Bassett, Allen Payne","$19,751,736","$19,751,736",100%,-,-
Why Did I Get Married Too?,Comedy,2010,Tyler Perry,"Janet Jackson, Tyler Perry, Jill Scott","$60,673,972","$60,095,852",99%,"$578,120",1%
Why Did I Get Married Too?,Romance,2010,Tyler Perry," Janet Jackson, Tyler Perry, Jill Scott","$60,673,972","$60,095,852",99%,"$578,120",1%
Woo,Comedy,1998,Daisy von Scherler Mayer,"Jada Pinkett Smith, Tommy Davidson, Duane Martin","$8,165,984","$8,064,972",98.8%,"$101,012",1.2%
Woo,Romance,1998,Daisy von Scherler Mayer,"Jada Pinkett Smith, Tommy Davidson, Duane Martin","$8,165,984","$8,064,972",98.8%,"$101,012",1.2%
You Got Served,Comedy,2004,Chris Stokes,"Omarion Grandberry, J-Boog, Raz B","$50,576,805","$40,363,810",79.8%,"$10,212,995",20.2%
Boss,Blaxploitation,1975,Jack Arnold,"Fred Williamson, D’Urville Martin, William Smith","$594,283",-,-,"$594,283",100%
Boss,Action,1975,Jack Arnold,"Fred Williamson, D’Urville Martin, William Smith","$594,283",-,-,"$594,283",100%
Detroit 9000,Blaxploitation,1973,Arthur Marks,"Hari Rhodes, Alex Rocco, Vonetta McGee","$3,179","$3,179",100%,-,-
Detroit 9000,Drama,1973,Arthur Marks,"Hari Rhodes, Alex Rocco, Vonetta McGee","$3,179","$3,179",100%,-,-
Detroit 9000,Action,1973,Arthur Marks,"Hari Rhodes, Alex Rocco, Vonetta McGee","$3,179","$3,179",100%,-,-
Slaughter,Blaxploitation,1972,Jack Starrett,"Jim Brown, Stella Stevens, Rip Torn","$48,968",-,-,"$48,968",100%
Slaughter,Action,1972,Jack Starrett,"Jim Brown, Stella Stevens, Rip Torn","$48,968",-,-,"$48,968",100%
An Officer and a Gentleman,Romance,1982,Taylor Hackford,"Richard Gere, Debra Winger, David Keith","$129,795,554","$129,795,554",100%,-,-
An Officer and a Gentleman,Drama,1982,Taylor Hackford,"Richard Gere, Debra Winger, David Keith","$129,795,554","$129,795,554",100%,-,-
Daddy's Little Girls,Romance,2007,Tyler Perry,"Gabrielle Union, Idris Elba, Tracee Ellis Ross","$31,609,243","$31,366,978",99.2%,"$242,265",0.8%
Daddy's Little Girls,Drama,2007,Tyler Perry,"Gabrielle Union, Idris Elba, Tracee Ellis Ross","$31,609,243","$31,366,978",99.2%,"$242,265",0.8%
Daughters of the Dust,Romance,1991,Julie Dash,"Cora Lee Day, Alva Rogers, Barbarao","$1,642,436","$1,642,436",100%,-,-
Daughters of the Dust,Drama,1991,Julie Dash,"Cora Lee Day, Alva Rogers, Barbarao","$1,642,436","$1,642,436",100%,-,-
Higher Learning,Romance,1995, John Singleton,"Omar Epps, Kristy Swanson, Michael Rapaport","$38,290,723","$38,290,723",100%,-,-
Higher Learning,Drama,1995,John Singleton,"Omar Epps, Kristy Swanson, Michael Rapaport","$38,290,723","$38,290,723",100%,-,-
How Stella Got Her Groove Back,Romance,1998,Kevin Rodney Sullivan,"Angela Bassett, Taye Diggs, Whoopi Goldberg","$39,278,722","$37,672,941",95.9%,"$1,605,781",4.1%
How Stella Got Her Groove Back,Drama,1998,Kevin Rodney Sullivan,"Angela Bassett, Taye Diggs, Whoopi Goldberg","$39,278,722","$37,672,941",95.9%,"$1,605,781",4.1%
Jungle Fever,Romance,1991,Spike Lee,"Wesley Snipes, Annabella Sciorra, Spike Lee","$32,482,682","$32,482,682",100%,-,-
Jungle Fever,Drama,1991,Spike Lee,"Wesley Snipes, Annabella Sciorra, Spike Lee","$32,482,682","$32,482,682",100%,-,-
Love Jones,Romance,1997,Theodore Witcher,"Larenz Tate, Nia Long, Isaiah Washington","$12,479,335","$12,479,335",100%,-,-
Love Jones,Drama,1997,Theodore Witcher,"Larenz Tate, Nia Long, Isaiah Washington","$12,479,335","$12,479,335",100%,-,-
Medicine for Melancholy,Romance,2008,Barry Jenkins,"Wyatt Cenac, Tracey Heggins, Elizabeth Acker","$111,551","$111,551",100%,-,-
Monster's Ball,Romance,2001,Marc Forster,"Billy Bob Thornton, Halle Berry, Taylor Simpson","$44,909,486","$31,273,922",69.6%,"$13,635,564",30.4%
Not Easily Broken,Romance,2009,Bill Duke,"Morris Chestnut, Taraji P. Henson, Maeve Quinlan","$10,726,909","$10,572,742",98.6%,"$154,167",1.4%
Nothing But a Man,Romance,1964,Michael Roemer,"Ivan Dixon, Abbey Lincoln, Julius Harris","$13,063","$13,063",100%,-,-
Poetic Justice,Romance,1993,John Singleton,"Janet Jackson, Tupac Shakur, Regina King","$27,515,786","$27,515,786",100%,-,-
Purple Rain,Romance,1984,Albert Magnoli,"Prince, Apollonia Kotero, Morris Day","$68,392,977","$68,392,977",100%,-,-
Stomp the Yard,Romance,2007,Sylvain White,"Columbus Short, Meagan Good, Ne-Yo","$75,511,123","$61,356,221",81.3%,"$14,154,902",18.7%
Trois,Romance,2000,Rob Hardy,"Gary Dourdan, Gretchen Palmer, Kenya Moore","$1,161,843","$1,161,843",100%,-,-
Zebrahead,Romance,1992,Anthony Drazan,"Michael Rapaport, DeShonn Castle, Kevin Corrigan","$1,557,771","$1,557,771",100%,-,-
A Private Affair,Drama,2000,Michael Toshiyuki Uno,"Vanessa Bell Calloway, Clifton Powell, Lou Myers","$2,216,230",-,-,"$2,216,230",100%
A Time to Kill,Drama,1996,Joel Schumacher,"Matthew McConaughey, Sandra Bullock, Samuel L. Jackson","$108,766,007","$108,766,007",100%,-,-
American Violet,Drama,2008,Tim Disney,"Nicole Beharie, Will Patton, Alfre Woodard","$554,434","$554,434",100%,-,-
Amistad,Drama,1997,Steven Spielberg,"Djimon Hounsou, Matthew McConaughey, Anthony Hopkins","$44,229,441","$44,229,441",100%,-,-
Baadasssss!,Drama,2003,Mario Van Peebles,"Mario Van Peebles, Nia Long, Joy Bryant","$365,727","$365,727",100%,-,-
Beat Street,Drama,1984,Stan Lathan,"Rae Dawn Chong, Guy Davis, Jon Chardiet","$16,595,791","$16,595,791",100%,-,-
Belly,Drama,1998,Hype Williams,"Nas, DMX, Taral Hicks","$9,639,390","$9,639,390",100%,-,-
Biker Boyz,Drama,2003,Reggie Rock Bythewood,"Laurence Fishburne, Derek Luke, Orlando Jones","$23,510,621","$22,076,772",93.9%,"$1,433,849",6.1%
Biker Boyz,Action,2003,Reggie Rock Bythewood,"Laurence Fishburne, Derek Luke, Orlando Jones","$23,510,621","$22,076,772",93.9%,"$1,433,849",6.1%
Bird,Drama,1988,Clint Eastwood,"Forest Whitaker, Diane Venora, Michael Zelniker","$2,181,286","$2,181,286",100%,-,-
Blood Done Sign My Name,Drama,2010,Jeb Stuart,"Michael Rooker, Ricky Schroder, Nick Searcy","$109,383","$109,383",100%,-,-
Blue Collar,Drama,1978,Paul Schrader,"Richard Pryor, Harvey Keitel, Yaphet Kotto","$6,521,083","$6,521,083",100%,-,-
Boesman and Lena,Drama,2000,John Berry,"Danny Glover, Angela Bassett, Willie Jonah","$32,625","$32,625",100%,-,-
Bopha!,Drama,1993,Morgan Freeman,"Danny Glover, Malcolm McDowell, Alfre Woodard","$212,483","$212,483",100%,-,-
Brother to Brother,Drama,2004,Rodney Evans,"Anthony Mackie, Lawrence Gilliard Jr., Duane Boutte","$80,906","$80,906",100%,-,-
Brubaker,Drama,1980,Stuart Rosenberg,"Robert Redford, Yaphet Kotto, Morgan Freeman","$37,121,708","$37,121,708",100%,-,-
Buffalo Soldiers,Drama,1997,Charles Haid,"Lamont Bentley, Tom Bower, Timothy Busfield","$2,295,274","$354,421",15.4%,"$1,940,853",84.6%
Caught Up,Drama,1998,Darin Scott,"Bokeem Woodbine, Cynda Williams, Damon Saleem","$6,754,958","$6,754,958",100%,-,-
Civil Brand,Drama,2002,Neema Barnette,"LisaRaye, N’Bushe Wright, Mos Def","$254,293","$254,293",100%,-,-
Clockers,Drama,1995,Spike Lee,"Harvey Keitel, John Turturro, Delroy Lindo","$13,071,518","$13,071,518",100%,-,-
Coach Carter,Drama,2005,Thomas Carter,"Samuel L. Jackson, Rick Gonzalez, Robert Ri’chard","$76,669,554","$67,264,877",87.7%,"$9,404,677",12.3%
Constellation,Drama,2005,Jordan Walker-Pearlman,"Gabrielle Union, Billy Dee Williams, Zoe Saldana","$306,533","$306,533",100%,-,-
Courage Under Fire,Drama,1996,Edward Zwick,"Denzel Washington, Meg Ryan, Lou Diamond Phillips","$59,031,057","$59,031,057",100%,-,-
Cover,Drama,2007,Bill Duke,"Aunjanue Ellis, Razaaq Adoti, Vivica A. Fox","$79,436","$79,436",100%,-,-
Cry Freedom,Drama,1987,Richard Attenborough,"Denzel Washington, Kevin Kline, Josette Simon","$5,899,797","$5,899,797",100%,-,-
Dead Presidents,Drama,1995,"Albert Hughes, Allen Hughes","Larenz Tate, Keith David, Chris Tucker","$24,147,179","$24,147,179",100%,-,-
Devil in a Blue Dress,Drama,1995,Carl Franklin,"Denzel Washington, Tom Sizemore, Jennifer Beals","$16,140,822","$16,140,822",100%,-,-
Do the Right Thing,Drama,1989,Spike Lee,"Danny Aiello, Ossie Davis, Ruby Dee","$27,545,445","$27,545,445",100%,-,-
Down in the Delta,Drama,1998,Maya Angelou,"Alfre Woodard, Al Freeman Jr., Esther Rolle","$5,672,903","$5,672,903",100%,-,-
Drop Squad,Drama,1994,David C. Johnson,"Eriq La Salle, Vondie Curtis-Hall, Ving Rhames","$734,693","$734,693",100%,-,-
Eve's Bayou,Drama,1997,Kasi Lemmons,"Samuel L. Jackson, Jurnee Smollett-Bell, Meagan Good","$14,842,388","$14,842,388",100%,-,-
Finding Forrester,Drama,2000,Gus Van Sant,"Sean Connery, Rob Brown, F. Murray Abraham","$80,049,764","$51,804,714",64.7%,"$28,245,050",35.3%
Flight,Drama,2012,Robert Zemeckis,"Denzel Washington, Nadine Velazquez, Don Cheadle","$161,772,375","$93,772,375",58%,"$68,000,000",42%
Ganja and Hess,Drama,1973,Bill Gunn,"Duane Jones, Marlene Clark, Bill Gunn","$21,197","$21,197",100%,-,-
Get on the Bus,Drama,1996,Spike Lee,"Ossie Davis, Charles S. Dutton, Andre Braugher","$5,754,249","$5,754,249",100%,-,-
Ghosts of Mississippi,Drama,1996,Rob Reiner,"Alec Baldwin, James Woods, Whoopi Goldberg","$13,323,144","$13,323,144",100%,-,-
Graffiti Bridge,Drama,1990,Prince,"Prince, Morris Day, Ingrid Chavez","$4,562,778","$4,562,778",100%,-,-
He Got Game,Drama,1998,Spike Lee,"Denzel Washington, Milla Jovovich, Ray Allen","$21,567,853","$21,567,853",100%,-,-
Hoodlum,Drama,1997,Bill Duke,"Laurence Fishburne, Tim Roth, Vanessa Williams","$23,499,102","$23,499,102",100%,-,-
Hoop Dreams,Drama,1994,Steve James,"William Gates, Arthur Agee, Emma Gates","$7,830,611","$7,830,611",100%,-,-
Hotel Rwanda,Drama,2004,Terry George,"Don Cheadle, Sophie Okonedo, Joaquin Phoenix","$33,882,243","$23,530,892",69.4%,"$10,351,351",30.6%
Idlewild,Drama,2006,Bryan Barber,"Big Boi, Terrence Howard, André Benjamin","$12,643,027","$12,571,185",99.4%,"$71,842",0.6%
Jason's Lyric,Drama,1994,Doug McHenry,"Allen Payne, Jada Pinkett Smith, Bokeem Woodbine","$20,851,521","$20,851,521",100%,-,-
John Q,Drama,2002,Nick Cassavetes,"Denzel Washington, Robert Duvall, Gabriela Oltean","$102,244,770","$71,756,802",70.2%,"$30,487,968",29.8%
Juice,Drama,1992,Ernest R. Dickerson,"Omar Epps, Tupac Shakur, Jermaine ‘Huggy’ Hopkins","$20,146,880","$20,146,880",100%,-,-
Killer of Sheep,Drama,1979,Charles Burnett,"Henry G. Sanders, Kaycee Moore, Charles Bracy","$416,509","$404,508",97.1%,"$12,001",2.9%
Kings of the Evening,Drama,2008,Andrew P. Jones,"Tyson Beckford, Lynn Whitfield, Glynn Turman","$99,270","$99,270",100%,-,-
Lakeview Terrace,Drama,2008,Neil LaBute,"Samuel L. Jackson, Patrick Wilson, Kerry Washington","$44,655,002","$39,263,506",87.9%,"$5,391,496",12.1%
Lean on Me,Drama,1989,John G. Avildsen,"Morgan Freeman, Beverly Todd, Robert Guillaume","$31,906,454","$31,906,454",100%,-,-
Lean on Me,Action,1989,John G. Avildsen,"Morgan Freeman, Beverly Todd, Robert Guillaume","$31,906,454","$31,906,454",100%,-,-
Light It Up,Drama,1999,Craig Bolotin,"Usher Raymond, Forest Whitaker, Rosario Dawson","$5,985,690","$5,985,690",100%,-,-
Losing Isaiah,Drama,1995,Stephen Gyllenhaal,"Jessica Lange, Halle Berry, David Strathairn","$7,603,766","$7,603,766",100%,-,-
48 Hrs.,Action,1982,Walter Hill,"Nick Nolte, Eddie Murphy, Annette O’Toole","$78,868,508","$78,868,508",100%,-,-
Alex Cross,Action,2012,Rob Cohen,"Tyler Perry, Matthew Fox, Rachel Nichols","$34,618,867","$25,888,412",74.8%,"$8,730,455",25.2%
Blade II,Action,2002,Guillermo del Toro,"Wesley Snipes, Kris Kristofferson, Ron Perlman","$155,010,032","$82,348,319",53.1%,"$72,661,713",46.9%
Crossover,Action,2006,Preston A. Whitmore II,"Anthony Mackie, Wesley Jonathan, Wayne Brady","$7,009,668","$7,009,668",100%,-,-
Deep Cover,Action,1992,Bill Duke,"Laurence Fishburne, Jeff Goldblum, Lira Angel","$16,639,799","$16,639,799",100%,-,-
"I, Robot",Action,2004,Alex Proyas,"Will Smith, Bridget Moynahan, Bruce Greenwood","$353,133,898","$144,801,023",41%,"$208,332,875",59%
Lethal Weapon,Action,1987,Richard Donner,"Mel Gibson, Danny Glover, Gary Busey","$65,207,127","$65,207,127",100%,-,-
Miracle at St. Anna,Action,2008,Spike Lee,"Derek Luke, Michael Ealy, Laz Alonso","$9,333,654","$7,919,117",84.8%,"$1,414,537",15.2%
Original Gangstas,Action,1996,Larry Cohen,"Fred Williamson, Jim Brown, Pam Grier","$3,718,087","$3,718,087",100%,-,-
Ricochet,Action,1991,Russell Mulcahy,"Denzel Washington, John Lithgow, Ice-T","$21,756,163","$21,756,163",100%,-,-
Rosewood,Action,1997,John Singleton,"Jon Voight, Ving Rhames, Don Cheadle","$13,130,349","$13,130,349",100%,-,-
Safe House,Action,2012,Daniel Espinosa,"Denzel Washington, Ryan Reynolds, Robert Patrick","$208,076,205","$126,373,434",60.7%,"$81,702,771",39.3%
Set It Off,Action,1996,F. Gary Gray,"Jada Pinkett Smith, Queen Latifah, Vivica A. Fox","$36,461,139","$36,461,139",100%,-,-
Sugar Hill,Action,1974,Paul Maslansky,"Marki Bey, Robert Quarry, Don Pedro Colley","$18,225,518","$18,225,518",100%,-,-
Surviving the Game,Action,1994,Ernest R. Dickerson,"Rutger Hauer, Ice-T, Charles S. Dutton","$7,727,256","$7,727,256",100%,-,-
The Book of Eli,Action,2010,"Albert Hughes, Allen Hughes","Denzel Washington, Mila Kunis, Ray Stevenson","$157,107,755","$94,835,059",60.4%,"$62,272,696",39.6%
The Mighty Quinn,Action,1989,Carl Schenkel,"Denzel Washington, Robert Townsend, James Fox","$4,557,214","$4,557,214",100%,-,-
The Siege,Action,1998, Edward Zwick,"Denzel Washington, Bruce Willis, Annette Bening","$116,672,912","$40,981,289",35.1%,"$75,691,623",64.9%
Turn It Up,Action,2000,Robert Adetuyi,"Pras, Ja Rule, Jason Statham","$1,247,949","$1,247,949",100%,-,-
Undisputed,Action,2002,Walter Hill,"Wesley Snipes, Ving Rhames, Peter Falk","$14,946,150","$12,764,657",85.4%,"$2,181,493",14.6%
Undisputed 2: Last Man Standing,Action,2006,Isaac Florentine,"Michael Jai White, Scott Adkins, Ben Cross","$1,361",-,-,"$1,361",100%
Undisputed 3: Redemption,Action,2010,Isaac Florentine,"Scott Adkins, Mykel Shannon Jenkins, Mark Ivanir","$282,548",-,-,"$282,548",100%
Virtuosity,Action,1995,Brett Leonard,"Denzel Washington, Russell Crowe, Kelly Lynch","$24,047,675","$24,047,675",100%,-,-
