Director,Title,Year,Budget,Worldwide,Studio,Genre,Domestic,Foreign,Domestic %,Foreign%,Stars
Francis Lawrence,I Am Legend,2007,"$150,000,000","$585,410,052",Warner Bros,Drama,"$256,393,010","$329,017,042",43.80%,56%,"Will Smith, Alice Braga, Charlie Tahan"
Peter Berg,Hancock,2008,"$150,000,000","$629,443,428",Sony Pictures Entertainment,Action,"$227,946,274","$401,497,154",36.20%,64%,"Will Smith, Charlize Theron, Jason Bateman"
Barry Sonnenfeld,Men in Black II,2002,"$140,000,000","$445,135,288",Sony Pictures Entertainment,Action,"$190,418,803","$254,716,485",43.10%,57%,"Tommy Lee Jones, Will Smith, Rip Torn"
Barry Sonnenfeld,Men in Black II,2002,"$140,000,000","$445,135,288",Sony Pictures Entertainment,Comedy,"$190,418,803","$254,716,485",43.10%,57%,"Tommy Lee Jones, Will Smith, Rip Torn"
Brett Ratner,Rush Hour 3,2007,"$140,000,000","$258,097,122",New Line Cinema,Action,"$140,125,968","$117,971,154",54.30%,46%,"Jackie Chan, Chris Tucker, Max von Sydow"
Brett Ratner,Rush Hour 3,2007,"$140,000,000","$258,097,122",New Line Cinema,Comedy,"$140,125,968","$117,971,154",54.30%,46%,"Jackie Chan, Chris Tucker, Max von Sydow"
Richard Donner,Lethal Weapon,1998,"$140,000,000","$285,444,603",Warner Bros,Action,"$130,444,603","$155,000,000",46%,54%,"Mel Gibson, Danny Glover, Joe Pesci"
Michael Bay,Bad Boys II,2003,"$130,000,000","$273,339,556",Sony Pictures Entertainment,Action,"$138,608,444","$134,731,112",50.70%,49%,"Will Smith, Martin Lawrence, Gabrielle Union"
Michael Bay,Bad Boys II,2003,"$130,000,000","$273,339,556",Sony Pictures Entertainment,Comedy,"$138,608,444","$134,731,112",50.70%,49%,"Will Smith, Martin Lawrence, Gabrielle Union"
Alex Proyas,"I, Robot",2004,"$120,000,000","$353,133,898",Twentieth Century Fox,Action,"$144,801,023","$208,332,875",41%,59%,"Will Smith, Bridget Moynahan, Bruce Greenwood"
Michael Mann,Ali,2001,"$107,000,000","$87,713,825",Sony Pictures Entertainment,Drama,"$58,203,105","$29,510,720",66.40%,34%,"Will Smith, Jamie Foxx, Jon Voight"
"Ron Clements, John Musker",The Princess and the Frog,2009,"$105,000,000","$267,045,765",Walt Disney Motion Pictures,Family,"$104,400,899","$162,644,866",39.10%,61%,"Anika Noni Rose, Keith David, Oprah Winfrey"
Quentin Tarantino,Django Unchained,2012,"$100,000,000","$425,368,238",The Weinstein Company,Drama,"$162,805,434","$262,562,804",38.30%,62%,"Jamie Foxx, Christoph Waltz, Leonardo DiCaprio"
Ridley Scott,American Gangster,2007,"$100,000,000","$269,755,430",Universal Pictures,Drama,"$130,164,645","$139,590,785",48.30%,52%,"Denzel Washington, Russell Crowe, Chiwetel Ejiofor"
Adil & Bilall,Bad Boys for Life,2020,"$90,000,001","$426,505,244",Sony Pictures Entertainment,Comedy,"$206,305,244","$220,200,000",48.40%,52%,Will Smith & Martin Lawrence
Adil & Bilall,Bad Boys for Life,2020,"$90,000,000","$426,505,244",Sony Pictures Entertainment,Action,"$206,305,244","$220,200,000",48.40%,52%,Will Smith & Martin Lawrence
Barry Sonnenfeld,Men in Black,1997,"$90,000,000","$589,590,539",Sony Pictures Entertainment,Comedy,"$250,690,539","$338,900,000",43%,57%,"Tommy Lee Jones, Will Smith, Linda Fiorentino"
Brett Ratner,Rush Hour 2,2001,"$90,000,000","$347,325,802",New Line Cinema,Action,"$226,164,286","$121,161,516",65.10%,35%," Jackie Chan, Chris Tucker, John Lone"
Brett Ratner,Rush Hour 2,2001,"$90,000,000","$347,325,802",New Line Cinema,Comedy,"$226,164,286","$121,161,516",65.10%,35%,"Jackie Chan, Chris Tucker, John Lone"
Anthony Hemingway,Red Tails,2012,"$85,000,000","$50,365,498",Twentieth Century Fox,Drama,"$49,876,377","$489,121",99%,1%,"Cuba Gooding Jr. Gerald McRaney, David Oyelowo, Andre Royo"
Daniel Espinosa,Safe House,2012,"$85,000,000","$208,076,205",Universal Pictures,Action,"$126,373,434","$81,702,771",60.70%,39%,"Denzel Washington, Ryan Reynolds, Robert Patrick"
"Albert Hughes, Allen Hughes",The Book of Eli,2010,"$80,000,000","$157,107,755",Warner Bros,Action,"$94,835,059","$62,272,696",60.40%,40%,"Denzel Washington, Mila Kunis, Ray Stevenson"
Phillip Noyce,The Bone Collector,1999,"$73,000,000","$151,493,655",Universal Pictures,Drama,"$66,518,655","$84,975,000",43.90%,56%,"Denzel Washington, Angelina Jolie"
Andy Tennant,Hitch,2005,"$70,000,000","$371,594,210",Sony Pictures Entertainment,Romance,"$179,495,555","$192,098,655",48.30%,52%,"Will Smith, Eva Mendez"
Edward Zwick,The Siege,1998,"$70,000,000","$116,672,912",Twentieth Century Fox,Action,"$40,981,289","$75,691,623",35.10%,65%,"Denzel Washington, Bruce Willis, Annette Bening"
David S. Goyer,Blade: Trinity,2004,"$65,000,000","$131,977,904",New Line Cinema,Action,"$52,411,906","$79,565,998",39.70%,60%,"Wesley Snipes, Kris Kristofferson, Parker Posey"
Les Mayfield,Blue Streak,1999,"$65,000,000","$117,758,500",Sony Pictures Entertainment,Action,"$68,518,533","$49,239,967",58.20%,42%," Martin Lawrence, Luke Wilson, Peter Greene"
Les Mayfield,Blue Streak,1999,"$65,000,000","$117,758,500",Sony Pictures Entertainment,Comedy,"$68,518,533","$49,239,967",58.20%,42%,"Martin Lawrence, Luke Wilson, Peter Greene"
Keenen Ivory Wayans,Little Man,2006,"$64,000,000","$104,003,322",Revolution Studios,Comedy,"$58,645,052","$45,358,270",56.40%,44%,"Shawn Wayans, Marlon Wayans, Kerry Washington"
Antoine Fuqua,The Equalizer 2,2018,"$62,000,000","$190,400,157",Sony Pictures Entertainment,Action,"$102,084,362","$88,315,795",53.60%,46%,"Denzel Washington, Pedro Pascal, Ashton Sanders, Orson Bean"
Brian Robbins,Meet Dave,2008,"$60,000,000","$51,339,567",Twentieth Century Fox,Family,"$11,803,254","$39,536,313",23%,77%,"Eddie Murphy, Elizabeth Banks, Gabrielle Union"
Clint Eastwood,Invictus,2009,"$60,000,000","$122,233,971",Warner Bros,Drama,"$37,491,364","$84,742,607",30.70%,69%,Morgan Freeman
Antoine Fuqua,The Equalizer,2014,"$55,000,000","$192,330,738",Sony Pictures Entertainment,Action,"$101,530,738","$90,800,000",52.80%,47%,"Denzel Washington, Marton Csokas, ChloÔøΩ Grace Moretz, David Harbour"
Gabriele Muccino,The Pursuit of Happyness,2006,"$55,000,000","$307,127,625",Sony Pictures Entertainment,Family,"$163,566,459","$143,561,166",53.30%,47%,"Will Smith, Thandie Newton, Jaden Smith"
Karey Kirkpatrick,Imagine That,2009,"$55,000,000","$22,985,194",Paramount Pictures,Family,"$16,123,323","$6,861,871",70.10%,30%,"Eddie Murphy, Thomas Haden Church, Yara Shahidi"
Tom Shadyac,The Nutty Professor,1996,"$54,000,001","$273,961,019",Universal Pictures,Romance,"$128,814,019","$145,147,000",47%,53%,"Eddie Murphy, Jada Pinkett Smith, James Coburn"
Guillermo del Toro,Blade II,2002,"$54,000,000","$155,010,032",New Line Cinema,Action,"$82,348,319","$72,661,713",53.10%,47%,"Wesley Snipes, Kris Kristofferson, Ron Perlman"
Tom Shadyac,The Nutty Professor,1996,"$54,000,000","$273,961,019",Universal Pictures,Comedy,"$128,814,019","$145,147,000",47%,53%,"Eddie Murphy, Jada Pinkett Smith, James Coburn"
Norman Jewison,The Hurricane,1999,"$50,000,000","$73,956,241",Universal Pictures,Drama,"$50,699,241","$23,257,000",68.60%,31%,Denzel Washington
Rawson Marshall Thurber,Central Intelligence,2016,"$50,000,000","$216,972,543",Warner Bros,Action,"$127,440,871","$89,531,672",58.70%,41%,"Dwayne Johnson, Kevin Hart, Danielle Nicolet, Amy Ryan"
Steve Capel Jr,Creed II,2018,"$50,000,000","$214,215,889",MGM,Drama,"$115,715,889","$98,500,000",54%,46%,"Michael B. Jordan, Sylvester Stallone, Tessa Thompson, Phylicia Rashad"
"Chris Weitz, Paul Weitz",Down to Earth,2001,"$49,000,000","$71,186,502",Paramount Pictures,Comedy,"$64,186,502","$7,000,000",90.20%,10%,"Chris Rock, Regina King, Chazz Palminteri"
"Chris Weitz, Paul Weitz",Down to Earth,2001,"$49,000,000","$71,186,502",Paramount Pictures,Romance,"$64,186,502","$7,000,000",90.20%,10%,"Chris Rock, Regina King, Chazz Palminteri"
Spike Lee,Miracle at St. Anna,2008,"$45,000,000","$9,333,654",Walt Disney Motion Pictures,Action,"$7,919,117","$1,414,537",84.80%,15%,"Derek Luke, Michael Ealy, Laz Alonso"
Spike Lee,Inside Man,2006,"$45,000,000","$186,003,591",Universal Pictures,Drama,"$88,513,495","$97,490,096",47.60%,52%,"Denzel Washington, Clive Owen, Jodie Foster"
Wayne Wang,Last Holiday,2006,"$45,000,000","$43,451,846",Paramount Pictures,Comedy,"$38,399,961","$5,051,885",88.40%,12%,"Queen Latifah, LL Cool J, Timothy Hutton"
Wayne Wang,Last Holiday,2006,"$45,000,000","$43,451,846",Paramount Pictures,Drama,"$38,399,961","$5,051,885",88.40%,12%,"Queen Latifah, LL Cool J, Timothy Hutton"
John Whitesell,Big Momma's House 2,2006,"$40,000,001","$141,522,961",Twentieth Century Fox,Action,"$70,165,972","$71,356,989",49.60%,50%,"Martin Lawrence, Emily Procter, Nia Long"
Benny Boom,All Eyez on Me,2017,"$40,000,000","$55,668,698",Lionsgate,Drama,"$44,922,302","$10,746,396",80.70%,19%,"Demetrius Shipp Jr., Danai Gurira, Kat Graham, Annie Ilonzeh"
Brian Hegeland,42,2013,"$40,000,000","$97,470,701",Warner Bros,Drama,"$95,020,213","$2,450,488",97.50%,3%,"Chadiwick Boseman, T.R. Knight, Harrison Ford"
John Whitesell,Big Momma's House 2,2006,"$40,000,000","$141,522,961",Twentieth Century Fox,Comedy,"$70,165,972","$71,356,989",49.60%,50%,"Martin Lawrence, Emily Procter, Nia Long"
Malcolm D. Lee,Soul Men,2008,"$40,000,000","$12,331,637",MGM/Weinstein,Comedy,"$12,082,391","$249,246",98%,2%,"Samuel L. Jackson, Bernie Mac, Sharon Leal"
Taylor Hackford,Ray,2004,"$40,000,000","$123,971,376",Universal Pictures,Drama,"$75,331,600","$48,639,776",60.80%,39%,"Jamie Foxx, Regina King, Kerry Washington, lifton Powell"
Tim Story,Ride Along 2,2016,"$40,000,000","$124,605,297",Universal Pictures,Action,"$91,221,830","$33,383,467",73.20%,27%,"Ice Cube, Kevin Hart, Tika Sumpter, Benjamin Bratt"
Bill Duke,Sister Act 2: Back in the Habit,1993,"$38,000,000","$57,319,029",,Comedy,"$57,319,029",,100%,,"Whoopi Goldberg, Kathy Najimy, Maggie Smith, Barnard Hughes"
Tyler Perry,Temptation: Confessions of a Marriage Counselor,2013,"$37,000,000","$53,143,144",Lionsgate,Drama,"$51,975,354","$1,167,790",97.80%,2%,"Jurnee Smollett-Bell, Lance Gross, Kim Kardashian
Vanessa Williams"
Keenen Ivory Wayans,White Chicks,2004,"$37,000,000","$113,086,475",Sony Pictures Entertainment,Comedy,"$70,831,760","$42,254,715",62.60%,37%,"Marlon Wayans, Shawn Wayans, Busy Philipps"
Nick Cassavetes,John Q,2002,"$36,000,000","$102,244,770",New Line Cinema,Drama,"$71,756,802","$30,487,968",70.20%,30%,"Denzel Washington, Robert Duvall, Gabriela Oltean"
Steven Spielberg,Amistad,1997,"$36,000,000","$44,229,441",DreamWorks Distribution,Drama,"$44,229,441",$0,100%,0%,"Djimon Hounsou, Matthew McConaughey, Anthony Hopkins"
Chris Rock,Head of State,2003,"$35,200,000","$38,620,484",DreamWorks Distribution,Comedy,"$38,125,247","$495,237",98.70%,1%,"Chris Rock, Bernie Mac, Lynn Whitfield"
Michael Tollin,Radio,2003,"$35,000,000","$53,293,628",Revolution Studios,Drama,"$52,333,738","$959,890",98.20%,2%,"Cuba Gooding Jr., Ed Harris, Debra Winger"
Ryan Coogler,Creed,2015,"$35,000,000","$173,567,581",Warner Bros,Drama,"$109,767,581","$63,800,000",63.20%,37%,"Michael B. Jordan, Sylvester Stallone, Tessa Thompson, Phylicia Rashad"
Troy Byer,Love Don't Cost a Thing,2003,"$35,000,000","$21,964,072",Warner Bros,Comedy,"$21,924,226","$39,846",99.80%,0%,"Nick Cannon, Christina Milian, Jordan Burg"
Troy Byer,Love Don't Cost a Thing,2003,"$35,000,000","$21,964,072",Warner Bros,Drama,"$21,924,226","$39,846",99.80%,0%,"Nick Cannon, Christina Milian, Jordan Burg"
Troy Byer,Love Don't Cost a Thing,2003,"$35,000,000","$21,964,072",Warner Bros,Romance,"$21,924,226","$39,846",99.80%,0%,"Nick Cannon, Christina Milian, Jordan Burg"
Kathryn Bigelow,Detroit,2017,"$34,000,000","$23,355,100",Annapurna Pictures,Drama,"$16,790,139","$6,564,961",71.90%,28%,"John Boyega, Anthony Mackie"
Steve Carr,Rebound,2005,"$33,100,000","$17,492,014",Twentieth Century Fox,Comedy,"$16,809,014","$683,000",96.10%,4%,"Martin Lawrence, Megan Mullally, Breckin Meyer"
Steve Carr,Rebound,2005,"$33,100,000","$17,492,014",Twentieth Century Fox,Family,"$16,809,014","$683,000",96.10%,4%,"Martin Lawrence, Megan Mullally, Breckin Meyer"
Adam Shankman,Bringing Down the House,2003,"$33,000,000","$164,729,679",Walt Disney Motion Pictures,Comedy,"$132,716,677","$32,013,002",80.60%,19%,"Steve Martin, Queen Latifah, Eugene Levy"
Brett Ratner,Rush Hour,1998,"$33,000,000","$244,386,864",New Line Cinema,Action,"$141,186,864","$103,200,000",57.80%,42%,"Jackie Chan, Chris Tucker, Ken Leung"
Brett Ratner,Rush Hour,1998,"$33,000,000","$244,386,864",New Line Cinema,Comedy,"$141,186,864","$103,200,000",57.80%,42%,"Jackie Chan, Chris Tucker, Ken Leung"
Brian Kirk,21 Bridges,2019,"$33,000,000","$49,939,757",STX Entertainment,Action,"$28,539,757","$21,400,000",57.10%,43%,"Chadwick Boseman, Sienna Miller, J.K. Simmons, Stephen James"
Brian Levant,Snow Dogs,2002,"$33,000,000","$115,035,090",Walt Disney Motion Pictures,Comedy,"$81,172,560","$33,862,530",70.60%,29%,"Cuba Gooding Jr., James Coburn, Sisq√≥"
Brian Levant,Snow Dogs,2002,"$33,000,000","$115,035,090",Walt Disney Motion Pictures,Family,"$81,172,560","$33,862,530",70.60%,29%,"Cuba Gooding Jr., James Coburn, Sisq√≥"
Spike Lee,Malcolm X,1992,"$33,000,000","$48,169,910",,Drama,"$48,169,910",-,100%,-,Demzel Washington
Brian LeVant,Are We There Yet?,2005,"$32,000,000","$97,918,663",Revolution Studios,Comedy,"$82,674,398","$15,244,265",84.40%,16%,"Ice Cube, Nia Long, Aleisha Allen"
Brian LeVant,Are We There Yet?,2005,"$32,000,000","$97,918,663",Revolution Studios,Drama,"$82,674,398","$15,244,265",84.40%,16%,"Ice Cube, Nia Long, Aleisha Allen"
Brian LeVant,Are We There Yet?,2005,"$32,000,000","$97,918,663",Revolution Studios,Family,"$82,674,398","$15,244,265",84.40%,16%,"Ice Cube, Nia Long, Aleisha Allen"
Isaac Florentine,Undisputed 2: Last Man Standing,2006,"$32,000,000","$1,361",Revolution Studios,Action,-,"$1,361",-,100%,"Michael Jai White, Scott Adkins, Ben Cross"
Robert Zemeckis,Flight,2012,"$31,000,000","$161,772,375",Paramount Pictures,Drama,"$93,772,375","$68,000,000",58%,42%,"Denzel Washington, Nadine Velazquez, Don Cheadle"
Raja Gosnell,Big Momma's House,2000,"$30,000,001","$173,959,438",Twentieth Century Fox,Action,"$117,559,438","$56,400,000",67.60%,32%,"Martin Lawrence, Nia Long, Paul Giamatti"
Bill Duke,Hoodlum,1997,"$30,000,000","$23,499,102",MGM,Drama,"$23,499,102",$0,100%,0%,"Laurence Fishburne, Tim Roth, Vanessa Williams"
Boaz Yakin,Remember the Titans,2000,"$30,000,000","$136,771,683",Walt Disney Motion Pictures,Drama,"$115,654,751","$21,116,932",84.60%,15%,Denzel Washington
John Schultz,Like Mike,2002,"$30,000,000","$62,274,780",Twentieth Century Fox,Comedy,"$51,432,760","$10,842,020",82.60%,17%,"Bow Wow, Jonathan Lipnicki, Morris Chestnut"
John Schultz,Like Mike,2002,"$30,000,000","$62,274,780",Twentieth Century Fox,Family,"$51,432,760","$10,842,020",82.60%,17%,"Bow Wow, Jonathan Lipnicki, Morris Chestnut"
Jonathan Lynn,The Fighting Temptations,2003,"$30,000,000","$33,972,062",Paramount Pictures,Comedy,"$30,250,745","$3,721,317",89%,11%,Sanaa Lathan
Jonathan Lynn,The Fighting Temptations,2003,"$30,000,000","$33,972,062",Paramount Pictures,Family,"$30,250,745","$3,721,317",89%,11%,Alfre Woodard
Kevin Rodney Sullivan,Barbershop 2: Back in Business,2004,"$30,000,000","$65,991,448",MGM,Comedy,"$65,111,277","$880,171",98.70%,1%,"Ice Cube, Cedric the Entertainer, Eve"
Kevin Rodney Sullivan,Barbershop 2: Back in Business,2004,"$30,000,000","$65,991,448",MGM,Drama,"$65,111,277","$880,171",98.70%,1%,"Ice Cube, Cedric the Entertainer, Eve"
Lee Daniels,Lee Daniels' The Butler,2013,"$30,000,000","$177,313,795",The Weinstein Company,Drama,"$116,632,095","$60,681,700",65.80%,34%,"Forest Whitaker, Oprah Winfrey, John Cusack"
Raja Gosnell,Big Momma's House,2000,"$30,000,000","$173,959,438",Twentieth Century Fox,Comedy,"$117,559,438","$56,400,000",67.60%,32%,"Martin Lawrence, Nia Long, Paul Giamatti"
Thomas Carter,Coach Carter,2005,"$30,000,000","$76,669,554",Paramount Pictures,Drama,"$67,264,877","$9,404,677",87.70%,12%,"Samuel L. Jackson, Rick Gonzalez, Robert Richard"
Thomas Carter,Coach Carter,2005,"$30,000,000","$76,669,554",Paramount Pictures,Drama,"$67,264,877","$9,404,677",87.70%,12%,"Samuel L. Jackson, Rick Gonzalez, Robert Ri‚Äôchard"
F. Gary Gray,Straight Outta Compton,2015,"$28,000,000","$201,634,991",Universal Pictures,Drama,"$161,197,785","$40,437,206",79.90%,20%,"O'Shea Jackson Jr., Corey Hawkins, Jason Mitchell, Neil Brown Jr."
Carl Franklin,Devil in a Blue Dress,1995,27000000,"$16,140,822",Sony Pictures Entertainment,Action,"$16,140,822",$0,100%,0%,"Denzel Washington, Tom Sizemore, Jennifer Beals"
Carl Franklin,Devil in a Blue Dress,1995,27000000,"$16,140,822",Sony Pictures Entertainment,Drama,"$16,140,822",$0,100%,0%,"Denzel Washington, Tom Sizemore, Jennifer Beals"
Tyler Perry,Boo 2! A Madea Halloween,2017,"$25,000,000","$48,333,932",Lionsgate,Comedy,"$47,319,572","$1,014,360",97.90%,2%,Tyler Perry
Tyler Perry,A Madea Christmas,2013,"$25,000,000","$53,396,635",Lionsgate,Comedy,"$52,543,354","$853,281",98.40%,2%,"Anna maria Horsford, Tika Sumpter, Chad Michael Murray"
Tyler Perry,Madea's Big Happy Family,2011,"$25,000,000","$54,161,287",Lionsgate,Comedy,"$53,345,287","$816,000",98.50%,2%,"Tyler Perry, Loretta Devine, Bow Wow"
 Tate Taylor,The Help,2011,"$25,000,000","$216,639,112",Walt Disney Motion Pictures,Drama,"$169,708,112","$46,931,000",78.30%,22%,"Viola Davis, Octavia Spencer, Emma Stone"
Destin Daniel Cretton,Just Mercy,2019,"$25,000,000","$50,401,502",Warner Bros,Drama,"$36,001,502","$14,400,000",71.40%,29%,"Michael b. Jordan, Jamie Foxx"
Malcolm D. Lee,Undercover Brother,2002,"$25,000,000","$41,604,473",Universal Pictures,Action,"$39,089,928","$2,514,545",94%,6%,"Eddie Griffin, Denise Richards, Aunjanue Ellis"
Malcolm D. Lee,Undercover Brother,2002,"$25,000,000","$41,604,473",Universal Pictures,Comedy,"$39,089,928","$2,514,545",94%,6%,"Eddie Griffin, Denise Richards, Aunjanue Ellis"
Spike Lee,Clockers,1995,"$25,000,000","$13,071,518",Universal Pictures,Action,"$13,071,518",$0,100%,0%,"Delroy Lindo, Mekhi Phifer, Isaiah Washington"
Spike Lee,Clockers,1995,"$25,000,000","$13,071,518",Universal Pictures,Drama,"$13,071,518",$0,100%,0%,"Harvey Keitel, John Turturro, Delroy Lindo"
Spike Lee,He Got Game,1998,"$25,000,000","$21,567,853",Walt Disney Motion Pictures,Drama,"$21,567,853",$0,100%,0%,"Denzel Washington, Milla Jovovich, Ray Allen"
Theodore Melfi,Hidden Figures,2016,"$25,000,000","$235,956,898",Twentieth Century Fox,Drama,"$169,607,287","$66,349,611",71.90%,28%,"Taraji P. Henson, Octavia Spencer,"
Tim Story,Ride Along,2014,"$25,000,000","$154,468,902",Universal Pictures,Action,"$134,938,200","$19,530,702",87.40%,13%,"Ice Cube, Kevin Hart, Tika Sumpter, John Leguizamo"
Denzel Washington,Fences,2016,"$24,000,000","$64,414,761",Paramount Pictures,Drama,"$57,682,904","$6,731,857",89.50%,11%,"Denzel Washington, Viola Davis, Stephen McKinley Henderson "
Reggie Rock Bythewood,Biker Boyz,2003,"$24,000,000","$23,510,621",DreamWorks Distribution,Action,"$22,076,772","$1,433,849",93.90%,6%,"Laurence Fishburne, Derek Luke, Orlando Jones"
Reggie Rock Bythewood,Biker Boyz,2003,"$24,000,000","$23,510,621",DreamWorks Distribution,Drama,"$22,076,772","$1,433,849",93.90%,6%,"Laurence Fishburne, Derek Luke, Orlando Jones"
Reginald Hudlin,The Ladies Man,2000,"$24,000,000","$13,743,212",Paramount Pictures,Comedy,"$13,616,610","$126,602",99.10%,1%,"Tim Meadows, Karyn Parsons, Billy Dee Williams"
Tim Story,Think Like a Man Too,2014,"$24,000,000","$70,181,428",Screen Gems,Romance,"$65,182,182","$4,999,246",92.90%,7%,Gabrielle Union
George Tillman Jr.,The Hate U Give,2018,"$23,000,000","$34,934,009",Twentieth Century Fox,Drama,"$29,719,483","$5,214,526",85.10%,15%,"ÔøΩAmandla Stenberg,ÔøΩRegina Hall,ÔøΩRussell Hornsby"
Peter Farrelly,Green Book,2018,"$23,000,000","$321,752,656",Universal Pictures,Drama,"$85,080,171","$236,672,485",26.40%,74%,"Viggo Mortensen, Mahershala Ali, Linda Cardellini, Sebastian Maniscalco"
Heffrey Nachmanoff,Traitor,2008,"$22,000,000","$27,674,464",Overture Films,Action,"$23,530,831","$4,143,633",85%,15%,"Don Cheadle, Guy Pearce, Said, Taghmaoul"
Tyler Perry,For Colored Girls,2010,"$21,000,000","$37,981,984",Lionsgate,Drama,"$37,729,698","$252,286",99.30%,1%,
Tyler Perry,Meet the Browns,2008,"$20,000,000","$41,975,388",Lionsgate,Comedy,"$41,975,388",$0,100%,0%,"Tamela J. Mann, Angela Bassett, Tyler Perry"
Tyler Perry,Meet the Browns,2008,"$20,000,000","$41,975,388",Lionsgate,Romance,"$41,975,388",$0,100%,0%,"Tamela J. Mann, Angela Bassett, Tyler Perry"
Tyler Perry,Acrimony,2018,"$20,000,000","$46,403,669",Lionsgate,Action,"$43,549,096","$2,854,573",93.80%,6%,"Taraji P. Henson, Lyriq Bent"
Adam Shankman,What Men Want,2019,"$20,000,000","$72,216,294",Paramount Pictures,Comedy,"$54,611,903","$17,604,391",75.60%,24%,"Taraji P. Henson, Kristen Ledlow, Josh Brener, Kellan Lutz"
Adam Shankman,What Men Want,2019,"$20,000,000","$72,216,294",Paramount Pictures,Romance,"$54,611,903","$17,604,391",75.60%,24%,"Taraji P. Henson, Kristen Ledlow, Josh Brener, Kellan Lutz"
Ava DuVernay,Selma,2014,"$20,000,000","$66,787,908",Paramount Pictures,Drama,"$52,076,908","$14,711,000",78%,22%,"David Oweloyo, Carmen Ejogo, Oprah Winfrey, Tim Roth"
Charles Stone III,Drumline,2002,"$20,000,000","$57,588,485",Twentieth Century Fox,Comedy,"$56,399,184","$1,189,301",97.90%,2%,"Nick Cannon, Zoe Saldana, Orlando Jones"
Charles Stone III,Drumline,2002,"$20,000,000","$57,588,485",Twentieth Century Fox,Drama,"$56,399,184","$1,189,301",97.90%,2%,"Nick Cannon, Zoe Saldana, Orlando Jones"
Charles Stone III,Drumline,2002,"$20,000,000","$57,588,485",Twentieth Century Fox,Romance,"$56,399,184","$1,189,301",97.90%,2%,"Nick Cannon, Zoe Saldana, Orlando Jones"
Chris Robinson,ATL,2006,"$20,000,000","$21,170,563",Warner Bros,Comedy,"$21,170,563",$0,100%,0%,"T.I., Lauren London, Evan Ross"
Chris Robinson,ATL,2006,"$20,000,000","$21,170,563",Warner Bros,Drama,"$21,170,563",$0,100%,0%,"T.I., Lauren London, Evan Ross"
George Tillman Jr.,Notorious,2009,"$20,000,000","$44,420,167",Fox Searchlight Pictures,Drama,"$36,843,682","$7,576,485",82.90%,17%,"Jamal Woolard, Anthony Mackie, Derek Luke, Momo Dione"
Jesse Dylan,How High,2001,"$20,000,000","$31,283,740",Universal Pictures,Comedy,"$31,178,740","$105,000",99.70%,0%,"Method Man, Redman, Obba Babatund√©"
Jordan Peele,Us,2019,"$20,000,000","$255,184,580",Universal Pictures,Horror,"$175,084,580","$80,100,000",68.60%,31%,
Kevin Rodney Sullivan,How Stella Got Her Groove Back,1998,"$20,000,000","$39,278,722",Twentieth Century Fox,Romance,"$37,672,941","$1,605,781",95.90%,4%,"Angela Bassett, Taye Diggs, Whoopi Goldberg"
Malcolm D. Lee,Barbershop: The Next Cut,2016,"$20,000,000","$55,030,051",Warner Bros,Comedy,"$54,030,051","$1,000,000",98.20%,2%,"Ice Cube, Regina Hall, Eve"
Neil LaBute,Lakeview Terrace,2008,"$20,000,000","$44,655,002",Screen Gems,Drama,"$39,263,506","$5,391,496",87.90%,12%,"Samuel L. Jackson, Patrick Wilson, Kerry Washington"
Tyler Perry,Why Did I Get Married Too?,2010,"$20,000,000","$60,673,972",Lionsgate,Comedy,"$60,095,852","$578,120",99%,1%,
Walter Hill,Undisputed,2002,"$20,000,000","$14,946,150",Miramax,Action,"$12,764,657","$2,181,493",85.40%,15%,"Wesley Snipes, Ving Rhames, Peter Falk"
Tyler Perry,Madea's Witness Protection,2012,"$20,000,000","$66,899,242",Lionsgate,Comedy,"$65,653,242","$1,246,000",98.10%,2%,"Tyler Perry, Eugene Levy, Denise Richards"
Tyler Perry,A Madea Family Funeral,2019,"$20,000,000","$74,747,725",Lionsgate,Comedy,"$73,257,045","$1,490,680",98%,2%,
Tyler Perry,Boo! A Madea Halloween,2016,"$20,000,000","$74,827,344",Lionsgate,Comedy,"$73,206,343","$1,621,001",97.80%,2%,Tyler Perry
Malcolm D. Lee,Girls Trip,2017,"$19,000,000","$140,552,359",Universal Pictures,Comedy,"$115,171,585","$25,380,774",81.90%,18%,"Regina Hall,Jada Pinkett Smith, Tiffany Haddish, Queen Latifah"
Michael Bay,Bad Boys ,2003,"$19,000,000","$65,807,024",Sony Pictures Entertainment,Action,"$65,807,024",-,100.00%,0%,"Will Smith, Martin Lawrence, Gabrielle Union"
Michael Bay,Bad Boys,2003,"$19,000,000","$65,807,024",Sony Pictures Entertainment,Comedy,"$65,807,024",-,100.00%,0%,"Will Smith, Martin Lawrence, Gabrielle Union"
Melina Matsoukas,Queen & Slim,2019,"$18,000,000","$47,803,176",Universal Pictures,Drama,"$43,808,310","$3,994,866",91.60%,8%,"Daniel Kaluuya,  Jodie Turner-Smith"
Kasi Lemmons,Black Nativity,2013,"$17,500,000","$7,454,185",Fox Searchlight Pictures,Drama,"$7,018,189","$435,996",94.20%,6%,"Forest Whitaker, Angela Bassett, Jennifer Hudson, Mary J. Blige"
Kasi Lemmons,Black Nativity,2013,"$17,500,000","$7,454,185",Fox Searchlight Pictures,Family,"$7,018,189","$435,996",94.20%,6%,"Forest Whitaker, Angela Bassett, Jennifer Hudson, Mary J. Blige"
Tyler Perry,Madea Goes to Jail,2009,"$17,500,000","$90,508,336",Lionsgate,Comedy,"$90,508,336",$0,100%,0%,"Tyler Perry, Keshia Knight Pulliam, Derek Luke"
Tyler Perry,Madea Goes to Jail,2009,"$17,500,000","$90,508,336",Lionsgate,Drama,"$90,508,336",$0,100%,0%,"Tyler Perry, Keshia Knight Pulliam, Derek Luke"
Antoine Fuqua,Brooklyn's Finest,2010,"$17,000,000","$45,719,985",Overture Films,Action,"$27,163,593","$18,556,392",74.50%,26%,"Don Cheadle, Wesley Snipes, Richard Gere, Ethan Hawke"
David E. Talbert,Almost Christmas,2016,"$17,000,000","$42,580,920",Universal Pictures,Comedy,"$42,158,780","$422,140",99%,1%,Monique
Erik White,Lottery Ticket,2010,"$17,000,000","$24,719,879",Warner Bros,Comedy,"$24,719,879",$0,100%,0%,"Bow Wow, Brandon T. Jackson, Naturi Naughton"
Kasi Lemmons,Harriet,2019,"$17,000,000","$43,347,017",Focus Features,Drama,"$43,082,155","$264,862",99.40%,1%,"Cynthia Erivo, Janelle Monáe, Leslie Odom Jr. "
Ernest R. Dickerson,Bones,2001,"$16,000,000","$8,378,853",New Line Cinema,Horror,"$7,316,658","$1,062,195",87.30%,13%,"Snoop Dogg, Pam Grier, Michael T. Weiss"
Jessy Terrero,Soul Plane,2004,"$16,000,000","$14,821,824",MGM,Comedy,"$14,190,750","$631,074",95.70%,4%,"Dwayne Adway, Snoop Dogg, Tom Arnold"
John Singleton,Baby Boy,2001,"$16,000,000","$29,381,649",Sony Pictures Entertainment,Comedy,"$28,734,552","$647,097",97.80%,2%,"AlexSandra Wright, Tyrese Gibson, Taraji P. Henson"
John Singleton,Baby Boy,2001,"$16,000,000","$29,381,649",Sony Pictures Entertainment,Drama,"$28,734,552","$647,097",97.80%,2%,"AlexSandra Wright, Tyrese Gibson, Taraji P. Henson"
Stella Meghie,The Photograph,2020,"$16,000,000","$20,690,779",Universal Pictures,Romance,"$20,578,185","$112,594",99.50%,1%,"Issa Rae, Lakeith Stanfield"
Stella Meghie,The Photograph,2020,"$16,000,000","$20,690,779",Universal Pictures,Romance,"$20,578,185","$112,594",99.50%,1%,"Issa Rae, Lakeith Stanfield"
Kevin Bray,All About the Benjamins,2002,"$15,000,000","$26,306,533",New Line Cinema,Action,"$25,916,319","$390,214",98.50%,2%,"Ice Cube, Mike Epps, Tommy Flanagan"
Kevin Bray,All About the Benjamins,2002,"$15,000,000","$26,306,533",New Line Cinema,Comedy,"$25,916,319","$390,214",98.50%,2%,"Ice Cube, Mike Epps, Tommy Flanagan"
Mira Nair,Queen of Katwe,2016,"$15,000,000","$10,367,161",Walt Disney Motion Pictures,Drama,"$8,874,389","$1,492,772",85.60%,14%,Lupita Nyongo
Peter Atencio,Keanu,2016,"$15,000,000","$20,651,333",Warner Bros,Comedy,"$20,591,853","$59,480",99.70%,0%,"Keegan-Michael Key, Jordan Reele, TiffanyHaddish, Method Man"
Spike Lee,BlacKkKlansman,2018,"$15,000,000","$93,400,823",Focus Features,Action,"$49,275,340","$44,125,483",52.80%,47%,"John David Washington, Adam Driver, Laura Harrier, Topher Grace"
Spike Lee,BlacKkKlansman,2018,"$15,000,000","$93,400,823",Focus Features,Drama,"$49,275,340","$44,125,483",52.80%,47%,"John David Washington, Adam Driver, Laura Harrier, Topher Grace"
Steven Spielberg,The Color Purple,1985,15000000,"$98,467,863",,Drama,"$98,467,863",-,100%,-,"Whoopi Goldberg, Oprah Winfrey, Danny Glover"
Tina Gordon,Peeples,2013,"$15,000,000","$9,307,166",Lionsgate,Comedy,"$9,177,065","$130,101",98.60%,1%," Craig Robinson, Kerry Washington, David Alan Grier"
Tyler Perry,Good Deeds,2012,"$14,000,000","$35,579,177",Lionsgate,Comedy,"$35,025,791","$553,386",98.40%,2%,"Tyler Perry, Gabrielle Union, Thandie Newton"
Tyler Perry,Good Deeds,2012,"$14,000,000","$35,579,177",Lionsgate,Drama,"$35,025,791","$553,386",98.40%,2%,"Tyler Perry, Gabrielle Union, Thandie Newton"
Tyler Perry,Good Deeds,2012,"$14,000,000","$35,579,177",Lionsgate,Romance,"$35,025,791","$553,386",98.40%,2%,"Tyler Perry, Gabrielle Union, Thandie Newton"
Babak Najafi,Proud Mary,2018,"$14,000,000","$21,753,365",Screen Gems,Action,"$20,877,013","$876,352",96%,4%,"Taraki P.Henson, Billy Brown, Jahi Di'Allo Winston"
Spike Lee,Crooklyn,1994,"$14,000,000","$13,642,861",Universal Pictures,Comedy,"$13,642,861",-,100%,0%,"Alfre Woodard, Delroy Lindo, David Patrick Kelly"
Spike Lee,Jungle Fever,1991,"$14,000,000","$43,882,682",,Drama,"$32,482,682","$11,400,000",74%,26%,"Wesley Snipes, Annabella Sciorra, Spike Lee"
Spike Lee,Crooklyn,1994,"$14,000,000","$13,642,861",Universal Pictures,Drama,"$13,642,861",-,100%,0%,"Alfre Woodard, Delroy Lindo, David Patrick Kelly"
Spike Lee,Jungle Fever,1991,"$14,000,000","$43,882,682",,Romance,"$32,482,682","$11,400,000",74%,26%,"Wesley Snipes, Annabella Sciorra, Spike Lee"
Craig Bolotin,Light It Up,1999,"$13,000,000","$5,985,690",Twentieth Century Fox,Drama,"$5,985,690",$0,100%,0%,"Usher Raymond, Forest Whitaker, Rosario Dawson"
Preston A. Whitmore II,This Christmas,2007,"$13,000,000","$49,778,552",Screen Gems,Comedy,"$49,121,934","$656,618",98.70%,1%,"Regina King, Columbus Short, Delroy Lindo"
Preston A. Whitmore II,This Christmas,2007,"$13,000,000","$49,778,552",Screen Gems,Romance,"$49,121,934","$656,618",98.70%,1%,"Regina King, Columbus Short, Delroy Lindo"
Robert Adetuyi,Turn It Up,2000,"$13,000,000","$1,247,949",New Line Cinema,Action,"$1,247,949",$0,100%,0%,"Pras, Ja Rule, Jason Statham"
Sylvain White,Stomp the Yard,2007,"$13,000,000","$75,511,123",Screen Gems,Romance,"$61,356,221","$14,154,902",81.30%,19%,"Columbus Short, Meagan Good, Ne-Yo"
Denzel Washington,Antwone Fisher,2002,"$12,500,000","$23,367,586",Fox Searchlight Pictures,Drama,"$21,078,145","$2,289,441",90.20%,10%,"Denzel Washington, Derek Luke, Joy Bryant"
Denzel Washington,Antwone Fisher,2002,"$12,500,000","$23,367,586",Fox Searchlight Pictures,Romance,"$21,078,145","$2,289,441",90.20%,10%,"Denzel Washington, Derek Luke, Joy Bryant"
Christopher Erskin,Johnson Family Vacation,2004,"$12,000,000","$31,326,183",Fox Searchlight Pictures,Comedy,"$31,203,964","$122,219",99.60%,0%,"Cedric the Entertainer, Shannon Elizabeth, Bow Wow"
Darnell Martin,Cadillac Records,2008,"$12,000,000","$8,883,644",Sony Pictures Entertainment,Drama,"$8,195,551","$688,093",92.30%,8%,"Beyonceknowles, Eamonn Walker, Mos Def, Jeffrey Wright, Adrien Brody"
David Rosenthal,The Perfect Guy,2015,"$12,000,000","$60,273,173",Screen Gems,Action,"$57,027,435","$3,245,738",94.60%,5%,"Sanaa Latham, Michael Ealy, Morris Chesnut"
Deon Taylor,Black and Blue,2019,"$12,000,000","$22,741,061",Screen Gems,Action,"$22,055,313","$685,748",97%,3%,"Naomie Harris, Tyrese Gibson, Frank Grillo"
Reginald Hudlin,Marshall,2017,"$12,000,000","$10,116,816",Open Road Films,Drama,"$10,051,659","$65,157",99.40%,1%,Chadwick Boseman
Spike Lee,Girl 6,1996,"$12,000,000","$4,939,939",Fox Searchlight Pictures,Comedy,"$4,939,939",$0,100%,0%,"Theresa Randle, Isaiah Washington, Spike Lee"
Spike Lee,Girl 6,1996,"$12,000,000","$4,939,939",Fox Searchlight Pictures,Drama,"$4,939,939",$0,100%,0%,"Theresa Randle, Isaiah Washington, Spike Lee"
Tim Story,Barbershop,2002,"$12,000,000","$77,063,924",MGM,Comedy,"$75,782,105","$1,281,819",98.30%,2%,"Ice Cube, Cedric the Entertainer, Eve"
Tim Story,Barbershop,2002,"$12,000,000","$77,063,924",MGM,Drama,"$75,782,105","$1,281,819",98.30%,2%,"Ice Cube, Cedric the Entertainer, Eve"
Tim Story,Think Like a Man,2012,"$12,000,000","$96,070,507",Universal Pictures,Romance,"$91,547,205","$4,523,302",95.30%,5%,"Chris Brown, Gabrielle Union, Kevin Hart"
Chris Rock,I Think I Love My Wife,2007,"$11,000,000","$13,369,768",Fox Searchlight Pictures,Comedy,"$12,550,605","$819,163",93.90%,6%,"Chris Rock, Kerry Washington, Gina Torres"
Chris Rock,I Think I Love My Wife,2007,"$11,000,000","$13,369,768",Fox Searchlight Pictures,Drama,"$12,550,605","$819,163",93.90%,6%,"Chris Rock, Kerry Washington, Gina Torres"
Chris Rock,I Think I Love My Wife,2007,"$11,000,000","$13,369,768",Fox Searchlight Pictures,Romance,"$12,550,605","$819,163",93.90%,6%,"Chris Rock, Kerry Washington, Gina Torres"
Gina Prince-Bythewood,The Secret Life of Bees,2008,"$11,000,000","$39,952,437",Fox Searchlight Pictures,Drama,"$37,770,162","$2,182,275",94.50%,6%,"Dakota Fanning, Queen Latifah, Alicia Keys, Jennifer Hudson"
Steve Carr,Next Friday,2000,"$11,000,000","$59,827,328",New Line Cinema,Comedy,"$57,328,603","$2,498,725",95.80%,4%,"Ice Cube, Mike Epps, Justin Pierce"
Tyler Perry,Daddy's Little Girls,2007,"$10,000,000","$31,609,243",Lionsgate,Drama,"$31,366,978","$242,265",99.20%,1%,"Gabrielle Union, Idris Elba, Tracee Ellis Ross"
Tyler Perry,Daddy's Little Girls,2007,"$10,000,000","$31,609,243",Lionsgate,Romance,"$31,366,978","$242,265",99.20%,1%,"Gabrielle Union, Idris Elba, Tracee Ellis Ross"
Daniel Taplitz,Breakin' All the Rules,2004,"$10,000,000","$12,544,254",Screen Gems,Comedy,"$12,264,319","$279,935",97.80%,2%,"Jamie Foxx, Gabrielle Union, Morris Chestnut"
Daniel Taplitz,Breakin' All the Rules,2004,"$10,000,000","$12,544,254",Screen Gems,Romance,"$12,264,319","$279,935",97.80%,2%,"Jamie Foxx, Gabrielle Union, Morris Chestnut"
Jeb Stuart,Blood Done Sign My Name,2010,"$10,000,000","$109,383",Paladin,Drama,"$109,383",$0,100%,0%,"Michael Rooker, Ricky Schroder, Nick Searcy"
John Gassar,When the Bough Breaks,2016,"$10,000,000","$30,658,387",Screen Gems,Action,"$29,747,603","$910,784",97%,3%,"Morris Chesnut, Regina Hall, Jaz Sinclair"
Keenen Ivory Wayans,A Low Down Dirty Shame,1994,"$10,000,000","$29,392,418",Walt Disney Motion Pictures,Action,"$29,392,418",-,100%,0%,"Keenen Ivory Wayans, Charles S. Dutton, Jada Pinkett Smith"
Keenen Ivory Wayans,A Low Down Dirty Shame,1994,"$10,000,000","$29,392,418",Walt Disney Motion Pictures,Comedy,"$29,392,418",-,100%,0%,"Keenen Ivory Wayans, Charles S. Dutton, Jada Pinkett Smith"
Lee Daniels,Precious,2009,"$10,000,000","$63,649,529",Lionsgate,Drama,"$47,566,524","$16,083,005",74.70%,25%,"Gabourey Sidibe, Mo'Nique, Paula Patton, Mariah Carey"
Malcolm D. Lee,Roll Bounce,2005,"$10,000,000","$17,500,866",Fox Searchlight Pictures,Comedy,"$17,380,866","$120,000",99.30%,1%,"Bow Wow, Nick Cannon, Meagan Good"
Michael Schultz,The Last Dragon,1985,"$10,000,000","$25,754,284",,Action,"$25,754,284",-,100%,-,"Taimak, Vanity, Christopher Murney"
Michael Schultz,The Last Dragon,1985,"$10,000,000","$25,754,284",,Comedy,"$25,754,284",-,100%,-,"Taimak, Vanity, Christopher Murney"
Robin Bissell,The Best of Enemies,2019,"$10,000,000","$10,209,813",STX Entertainment,Drama,"$10,205,616","$4,197",100%,0%,"Taraji P. Henson, Sam Rockwell, Babou Ceesay"
Spike Lee,Bamboozled,2000,"$10,000,000","$2,463,650",New Line Cinema,Comedy,"$2,274,979","$188,671",92.30%,8%,"Damon Wayans, Savion Glover, Jada Pinkett Smith"
Spike Lee,Mo' Better Blues,1990,"$10,000,000","$16,153,593",Universal Pictures,Drama,"$16,153,593",-,100%,-,Denzel Washington
Spike Lee,Bamboozled,2000,"$10,000,000","$2,463,650",New Line Cinema,Drama,"$2,274,979","$188,671",92.30%,8%,"Damon Wayans, Savion Glover, Jada Pinkett Smith"
Tyler Perry,The Family That Preys,2008,"$10,000,000","$37,105,289",Lionsgate,Drama,"$37,105,289",$0,100%,0%,"Alfre Woodard, Sanaa Lathan, Rockmond Dunbar, KaDee Strickland, Cole Hauser"
F. Gary Gray,Set It Off,1996,"$9,000,000","$41,590,886",New Line Cinema,Action,"$36,461,139","$5,129,747",88%,12%,"Jada Pinkett Smith, Queen Latifah, Vivica A. Fox"
Nate Parker,The Birth of a Nation,2016,"$8,500,000","$16,779,212",Fox Searchlight Pictures,Drama,"$15,861,566","$917,646",94.50%,6%,"Nate Parker, Armie Hammer, Penelope Ann Miller, Jackie Earle Haley"
Doug Atchison,Akeelah and the Bee,2006,"$8,000,001","$18,948,425",Lionsgate,Drama,"$18,848,430","$99,995",99.50%,1%,"Angela Bassett, Laurence Fishburne, Keke Palmer"
Bill Duke,Deep Cover,1992,"$8,000,000","$16,639,799",,Action,"$16,639,799",-,100%,-,"Laurence Fishburne, Jeff Goldblum, Lira Angel"
Bill Duke,A Rage in Harlem,1991,"$8,000,000","$10,438,504",,Comedy,"$10,438,504",-,100%,-,Forest Whitaker
Chris Stokes,You Got Served,2004,"$8,000,000","$50,576,805",Screen Gems,Comedy,"$40,363,810","$10,212,995",79.80%,20%,"Omarion Grandberry, J-Boog, Raz B"
Doug Atchison,Akeelah and the Bee,2006,"$8,000,000","$18,948,425",Lionsgate,Family,"$18,848,430","$99,995",99.50%,1%,"Angela Bassett, Laurence Fishburne, Keke Palmer"
Spike Lee,She Hate Me,2004,"$8,000,000","$1,526,951",Sony Pictures Entertainment,Comedy,"$366,037","$1,160,914",24%,76%,"Anthony Mackie, Kerry Washington, Ellen Barkin"
George Tillman Jr.,Soul Food,1997,"$7,500,000","$43,700,855",Twentieth Century Fox,Comedy,"$43,700,855",$0,100%,0%,"Vanessa Williams, Vivica A. Fox, Nia Long"
George Tillman Jr.,Soul Food,1997,"$7,500,000","$43,700,855",Twentieth Century Fox,Drama,"$43,700,855",$0,100%,0%,"Vanessa Williams, Vivica A. Fox, Nia Long"
DJ Pooh,The Wash,2001,"$7,000,000","$10,229,331",Lionsgate,Comedy,"$10,097,538","$131,793",98.70%,1%,"Dr. Dre, Snoop Dogg, Anthony Albano"
Doug McHenry,Kingdom Come,2001,"$7,000,000","$23,396,049",Lionsgate,Comedy,"$23,249,649","$146,400",99.40%,1%,"LL Cool J, Jada Pinkett Smith, Vivica A. Fox"
Doug McHenry,Kingdom Come,2001,"$7,000,000","$23,396,049",Lionsgate,Drama,"$23,249,649","$146,400",99.40%,1%,"LL Cool J, Jada Pinkett Smith, Vivica A. Fox"
Doug McHenry,Kingdom Come,2001,"$7,000,000","$23,396,049",Lionsgate,Family,"$23,249,649","$146,400",99.40%,1%,"LL Cool J, Jada Pinkett Smith, Vivica A. Fox"
Louis C.K.,Pootie Tang,2001,"$7,000,000","$3,313,583",Paramount Pictures,Comedy,"$3,313,583",$0,100%,0%,"Chris Rock, Lance Crouther, J.B. Smoove"
Rick Famuyiwa,Dope,2015,"$7,000,000","$17,986,781",Open Road Films,Drama,"$17,506,470","$480,311",97.30%,3%,
Salim Akil,Jumping the Broom,2011,"$6,600,000","$38,158,601",TriStar Pictures,Comedy,"$37,295,394","$863,207",97.70%,2%,"Paula Patton, Laz Alonso, Angela Bassett"
Salim Akil,Jumping the Broom,2011,"$6,600,000","$38,158,601",TriStar Pictures,Drama,"$37,295,394","$863,207",97.70%,2%,"Paula Patton, Laz Alonso, Angela Bassett"
Spike Lee,School Daze,1988,"$6,500,000","$14,545,844",,Comedy,"$14,545,844",-,100%,-,"Laurence Fishburne, Giancarlo Esposito, Tisha Campbell-Martin"
Spike Lee,Do the Right Thing,1989,"$6,500,000","$37,295,445",,Drama,"$27,545,445","$9,750,000",74%,26%,"Danny Aiello, Ossie Davis, Ruby Dee"
Gary Hardwick,The Brothers,2001,"$6,000,000","$27,958,191",Screen Gems,Comedy,"$27,457,409","$500,782",98.20%,2%,"Morris Chestnut, Shemar Moore, D.L. Hughley"
Michael Schultz,Carbon Copy,1981,"$6,000,000","$9,566,593",,Comedy,"$9,566,593",-,100%,-,"George Segal, Susan Saint James, Jack Warden"
Rick Famuyiwa,The Wood,1999,"$6,000,000","$25,059,640",Paramount Pictures,Comedy,"$25,059,640",$0,100%,0%,"Elayn J. Taylor, Omar Epps, Richard T. Jones"
Rick Famuyiwa,The Wood,1999,"$6,000,000","$25,059,640",Paramount Pictures,Romance,"$25,059,640",$0,100%,0%,"Elayn J. Taylor, Omar Epps, Richard T. Jones"
Steve Carr,Daddy Day Care,2003,"$6,000,000","$164,433,867",Revolution Studios,Comedy,"$104,297,061",,63.40%,37%,"Eddie Murphy, Jeff Garlin, Anjelica, Huston, Steve Zahn"
Tyler Perry,Madea's Family Reunion,2006,"$6,000,000","$63,368,939",Lionsgate,Comedy,"$63,318,000","$50,939",99.90%,0%,"Tyler Perry, Blair Underwood, Lynn Whitfield"
Tyler Perry,Madea's Family Reunion,2006,"$6,000,000","$63,368,939",Lionsgate,Romance,"$63,318,000","$50,939",99.90%,0%,"Tyler Perry, Blair Underwood, Lynn Whitfield"
Preston A. Whitmore II,Crossover,2006,"$5,800,000","$7,009,668",Sony Pictures Entertainment,Action,"$7,009,668",$0,100%,0%,"Anthony Mackie, Wesley Jonathan, Wayne Brady"
Darren Grant,Diary of a Mad Black Woman,2005,"$5,500,000","$50,652,203",Lionsgate,Comedy,"$50,633,099","$19,104",100%,0%,"Kimberly Elise, Steve Harris, Tyler Perry"
Darren Grant,Diary of a Mad Black Woman,2005,"$5,500,000","$50,652,203",Lionsgate,Drama,"$50,633,099","$19,104",100%,0%,"Kimberly Elise, Steve Harris, Tyler Perry"
Darren Grant,Diary of a Mad Black Woman,2005,"$5,500,000","$50,652,203",Lionsgate,Romance,"$50,633,099","$19,104",100%,0%,"Kimberly Elise, Steve Harris, Tyler Perry"
Bill Duke,Not Easily Broken,2009,"$5,000,000","$10,726,909",Screen Gems,Romance,"$10,572,742","$154,167",98.60%,1%,"Morris Chestnut, Taraji P. Henson, Maeve Quinlan"
Michael Schultz,Disorderlies,1987,"$5,000,000","$10,348,437",,Comedy,"$10,348,437",-,100%,-,"Darren Robinson, Damon Wimbley, Mark Morales"
Jordan Peele,Get Out,2017,"$4,500,000","$255,407,969",,Horror,"$176,040,665","$79,367,304",68.90%,31%,"Daniel Kaluuya, Allison Williams, Bradley Whitford, Catherine Keener"
Marc Forster,Monster's Ball,2001,"$4,000,000","$45,011,434",Lionsgate,Romance,"$31,273,922","$13,737,512",69.60%,30%,"Billy Bob Thornton, Halle Berry, Taylor Simpson"
Bill Duke,Cover,2007,"$3,600,000","$79,436",Reel Diva Consultants,Drama,"$79,436",$0,100%,0%,"Aunjanue Ellis, Razaaq Adoti, Vivica A. Fox"
Keenen Ivory Wayans,I'm Gonna Git You Sucka,1988,"$3,000,000","$13,030,057",,Action,"$13,030,057",-,100%,-,"Keenen Ivory Wayans, Bernie Casey, Antonio Fargas"
Keenen Ivory Wayans,I'm Gonna Git You Sucka,1988,"$3,000,000","$13,030,057",,Comedy,"$13,030,057",-,100%,-,"Keenen Ivory Wayans, Bernie Casey, Antonio Fargas"
Michael Schultz,Krush Groove,1985,"$3,000,000","$11,052,713",,Comedy,"$11,052,713",-,100%,-,"Sheila E., Joseph Simmons, Darryl McDaniels"
Michael Schultz,Krush Groove,1985,"$3,000,000","$11,052,713",,Drama,"$11,052,713",-,100%,-,"Sheila E., Joseph Simmons, Darryl McDaniels"
Nnegest Likk√©,Phat Girlz,2006,"$3,000,000","$7,403,491",Fox Searchlight Pictures,Comedy,"$7,061,128","$342,363",95.40%,5%,"Mo‚ÄôNique, Kendra C. Johnson, Jimmy Jean-Louis"
Craig Brewer,Hustle & Flow,2005,"$2,800,000","$23,563,727",Paramount Pictures,Drama,"$22,202,809","$1,360,918",94.20%,6%,"Terrence Howard, Ludacris, Anthony Anderson"
Spike Lee,Get on the Bus,1996,"$2,400,000","$5,754,249",Sony Pictures Entertainment,Drama,"$5,754,249",$0,100%,0%,"Ossie Davis, Charles S. Dutton, Andre Braugher"
J.D.Dillard,Sleight,2017,"$250,000","$3,989,705",BH Tilt,Drama,"$3,986,245","$3,460",99.90%,0%,"Jacob Latimore, Seychelle Gabriel, Storm Reid, Donzaleigh Abernathy"
Ava DuVernay,Middle of Nowhere,2012,"$200,000","$236,806",AFFRM,Drama,"$236,806",$0,100%,0%," Emayatzy Corinealdi, David Oyelowo, Lorraine Toussaint "
Spike Lee,She's Gotta Have It,1986,"$175,000","$7,137,502",,Comedy,"$7,137,502",-,100%,-,"Tracy Camilla Johns, Tommy Redmond Hicks, John Canada Terrell"
Spike Lee,She's Gotta Have It,1986,"$175,000","$7,137,502",,Romance,"$7,137,502",-,100%,-,"Tracy Camilla Johns, Tommy Redmond Hicks, John Canada Terrell"
Adam Leon,Gimme the Loot,2012,,"$116,783",IFC Films,Drama,"$104,442","$12,341",89.40%,11%,"Ty hickson, Tashiana Washington, Joshua Rivera"
Alan J Pakula,The Pelican Brief,1993,,"$195,268,056",,Drama,"$100,768,056","$94,500,000",52%,48%,"Julia Roberts, Denzel Washington"
Alan Metter,Moving,1988,,"$10,815,378",,Comedy,"$10,815,378",-,100%,-,"Richard Pryor, Beverly Todd, Stacey Dash"
"Albert Hughes, Allen Hughes",Menace II Society,1993,,"$27,912,072",,Action,"$27,912,072",-,100%,0%,"Larenz Tate, Tyrin Turner, Charles S. Dutton"
"Albert Hughes, Allen Hughes",Dead Presidents,1995,,"$24,147,179",Walt Disney Motion Pictures,Drama,"$24,147,179",$0,100%,0%,"Larenz Tate, Keith David, Chris Tucker"
Albert Magnoli,Purple Rain,1984,,"$68,392,977",,Romance,"$68,392,977",-,100%,-,"Prince, Apollonia Kotero, Morris Day"
Alexandra Moors,Blue Caprice,2013,,"$93,995",IFC Films,Drama,"$93,995",$0,100%,0%,
Amma Asante,Belle,2014,,"$16,607,575",Fox Searchlight Pictures,Drama,"$10,726,630","$5,880,945",64.60%,35%,"Gugu Mbatha-Raw, Matthew Goode"
Amman Abasi,Dayveon,2017,,"$2,077",FilmRise,Drama,"$2,077",$0,100%,0%,
Andrew Bujaski,Support the Girls,2018,,,,Comedy,,,,,"Regina Hall, Haley Lu Richardson, Shayna McHayle, Brooklyn Decker"
Andrew Bujaski,Support the Girls,2018,,,,Drama,,,,,"Regina Hall, Haley Lu Richardson, Shayna McHayle, Brooklyn Decker"
Andrew P. Jones,Kings of the Evening,2008,,"$99,270",Indican Pictures,Drama,"$99,270",$0,100%,0%,"Tyson Beckford, Lynn Whitfield, Glynn Turman"
Anthony Drazan,Zebrahead,1992,,"$1,557,771",,Romance,"$1,557,771",-,100%,0%,"Michael Rapaport, DeShonn Castle, Kevin Corrigan"
Antoine Fuqua,Training Day,2001,,"$104,876,233",Warner Bros,Drama,"$76,631,907","$28,244,326",73.10%,27%,"DenzelWashington, Ethan Hawke, Scott Glen"
Arthur Hiller,"See No Evil, Hear No Evil",1989,,"$46,908,987",,Action,"$46,908,987",-,100%,-,"Richard Pryor, Gene Wilder, Joan Severance"
Arthur Hiller,"See No Evil, Hear No Evil",1989,,"$46,908,987",,Comedy,"$46,908,987",-,100%,-,"Richard Pryor, Gene Wilder, Joan Severance"
Arthur Marks,Detroit 9000,1973,,"$3,179",,Action,"$3,179",-,100%,-,"Hari Rhodes, Alex Rocco, Vonetta McGee"
Arthur Marks,Detroit 9000,1973,,"$3,179",,Blaxploitation,"$3,179",-,100%,-,"Hari Rhodes, Alex Rocco, Vonetta McGee"
Arthur Marks,Detroit 9000,1973,,"$3,179",,Drama,"$3,179",-,100%,-,"Hari Rhodes, Alex Rocco, Vonetta McGee"
Ava DuVernay,I Will Follow,2010,,"$135,809",AFFRM,Drama,"$135,809",$0,100%,0%," Salli Richardson-Whitfield, Omari Hardwick, Michole Briana White "
Ava DuVernay,A Wrinkle in Time,2018,,"$132,675,864",Walt Disney Motion Pictures,Family,"$100,478,608","$32,197,256",75.70%,24%,"Storm Reid, Oprah Winfrey, Reese Witherspoon, Mindy Kaling"
Barry Jenkins,If Beale Street Could Talk,2018,,"$20,596,567",Annapurna Pictures,Drama,"$14,915,773","$5,680,794",72.40%,28%,"Kiki Layne, Stephan James, Regina King, Teyonah Parris"
Barry Jenkins,Medicine for Melancholy,2008,,"$111,551",IFC Films,Romance,"$111,551",$0,100%,0%,"Wyatt Cenac, Tracey Heggins, Elizabeth Acker"
Benh Zeitlin,Beasts of the Southern Wild,2012,,"$21,107,746",Fox Searchlight Pictures,Drama,"$12,795,746","$8,312,000",60.60%,39%,"Quvenzhane Wallis, Dwight Henry, Levy Easterly"
Bill Condon,Dreamgirls,2006,,"$155,430,335",DreamWorks Distribution,Drama,"$103,365,956","$52,064,379",66.50%,34%,"Beyonce Knowles, Jamie Foxx, Eddie Murphy"
Bill Gunn,Ganja and Hess,1973,,"$21,197",,Drama,"$21,197",-,100%,-,"Duane Jones, Marlene Clark, Bill Gunn"
Bille Woodruff,Beauty Shop,2005,,"$37,245,453",MGM,Comedy,"$36,351,350","$894,103",97.60%,2%,"Queen Latifah, Alicia Silverstone, Djimon Hounsou"
Biyi Bandele,Half of a Yellow Sun,2013,,"$306,393",Monterrey Media,Drama,"$54,529","$251,864",17.80%,82%,"Chiwetel Ejiofor, Thandiwe Newton, Anika Noni Rose "
Boots Riley,Sorry to Bother You,2018,,"$18,170,707",Annapurna Pictures,Comedy,"$17,493,096","$677,611",96.30%,4%,Lakeith Stanfield
Brett Leonard,Virtuosity,1995,,"$24,047,675",Paramount Pictures,Action,"$24,047,675",$0,100%,0%,"Denzel Washington, Russell Crowe, Kelly Lynch"
Brian Robbins,Good Burger,1997,,"$23,712,993",Paramount Pictures,Comedy,"$23,712,993",$0,100%,0%,"Kel Mitchell, Kenan Thompson, Sinbad"
Brian Robbins,Meet Dave,2008,,"$51,339,567",Twentieth Century Fox,Comedy,"$11,803,254","$39,536,313",23%,77%,"Eddie Murphy, Elizabeth Banks, Gabrielle Union"
Brian Robbins,A Thousand Words,2012,,"$22,044,277",DreamWorks Distribution,Comedy,"$18,450,127","$3,594,150",83.70%,16%,"Eddie Murphy, Cliff Curtis, Kerry Washington"
Brian Robbins,A Thousand Words,2012,,"$22,044,277",DreamWorks Distribution,Drama,"$18,450,127","$3,594,150",83.70%,16%,"Eddie Murphy, Cliff Curtis, Kerry Washington"
Brian Robbins,Good Burger,1997,,"$23,712,993",Paramount Pictures,Family,"$23,712,993",$0,100%,0%,"Kel Mitchell, Kenan Thompson, Sinbad"
Brian Welsh,Beats,2019,,"$319,595",Music Box Films,Drama,-,"$319,595",-,100%,
Bruce Beresford,Driving Miss Daisy,1989,,"$145,973,296",,Comedy,"$106,593,296","$39,200,000",73%,27%,"Morgan Freeman, Jessica Tandy, Dan Aykroyd"
Bruce Beresford,Driving Miss Daisy,1989,,"$145,973,296",,Drama,"$106,593,296","$39,200,000",73%,27%,"Morgan Freeman, Jessica Tandy, Dan Aykroyd"
Bryan Barber,Idlewild,2006,,"$12,643,027",Universal Pictures,Drama,"$12,571,185","$71,842",99.40%,1%,"Big Boi, Terrence Howard, Andr√© Benjamin"
Carl Schenkel,The Mighty Quinn,1989,,"$4,557,214",,Action,"$4,557,214",-,100%,-,"Denzel Washington, Robert Townsend, James Fox"
Carlos Lopez Estrada,Blindspotting,2018,,"$5,006,989",Lionsgate,Drama,"$4,333,394","$673,595",86.50%,14%,"Daveed Diggs, Rafael Casal"
Cary Fukunaga,Beasts of No Nation,2015,,"$90,777",Bleeker Street Media,Drama,"$90,777",$0,100%,0%,"Idris Elba, Abraham Attah"
Charles Burnett,Killer of Sheep,1978,,"$416,509",,Drama,"$404,508","$12,001",97.10%,3%,"Henry G. Sanders, Kaycee Moore, Charles Bracy"
Charles Lane,True Identity,1991,,"$4,693,236",,Comedy,"$4,693,236",-,100%,-,"Lenny Henry, Frank Langella, Charles Lane"
Charles Randolph-Wright,Preaching to the Choir,2005,,"$405,191",Freestlye Releasing,Comedy,"$405,191",$0,100%,0%,"Billoah Greene, Darien Sills-Evans, Novella Nelson"
Charles Stone III,Mr. 3000,2004,,"$21,839,377",Walt Disney Motion Pictures,Comedy,"$21,811,187","$28,190",99.90%,0%,"Bernie Mac, Angela Bassett, Michael Rispoli"
Charles Stone III,Mr. 3000,2004,,"$21,839,377",Walt Disney Motion Pictures,Romance,"$21,811,187","$28,190",99.90%,0%,"Bernie Mac, Angela Bassett, Michael Rispoli"
Chi Muoi Lo,Catfish in Black Bean Sauce,1999,,"$1,319,592",Iron,Comedy,"$1,319,592",$0,100%,0%,"Chi Muoi Lo, Sanaa Lathan, Paul Winfield"
Chi Muoi Lo,Catfish in Black Bean Sauce,1999,,"$1,319,592",Iron,Drama,"$1,319,592",$0,100%,0%,"Chi Muoi Lo, Sanaa Lathan, Paul Winfield"
Chinonye Chukwu,Clemency,2019,,"$364,952",Neon,Drama,"$364,716",$236,99.90%,0%,Alfre Woodard
Chris Eska,The Retrieval,2013,,"$50,257",Variance Films,Drama,"$50,257",$0,100%,0%,
Christopher Scott Cherot,Hav Plenty,1997,,"$2,284,034",Miramax,Comedy,"$2,284,034",$0,100%,0%,"Christopher Scott Cherot, Chenoa Maxwell, Tammi Katherine Jones"
Clint Eastwood,Bird,1988,,"$2,181,286",,Drama,"$2,181,286",-,100%,-,"Forest Whitaker, Diane Venora, Michael Zelniker"
Corey Grant,Dysfunctional Friends,2012,,"$13,546",Datari Turner Productions,Comedy,"$13,546",$0,100%,0%,"Stacey Dash, Reagan Gomez-Preston, Wesley Jonathan"
Daisy von Scherler Mayer,Woo,1998,,"$8,165,984",New Line Cinema,Comedy,"$8,064,972","$101,012",98.80%,1%,"Jada Pinkett Smith, Tommy Davidson, Duane Martin"
Daisy von Scherler Mayer,Woo,1998,,"$8,165,984",New Line Cinema,Romance,"$8,064,972","$101,012",98.80%,1%,"Jada Pinkett Smith, Tommy Davidson, Duane Martin"
Darin Scott,Caught Up,1998,,"$6,754,958",Live,Drama,"$6,754,958",$0,100%,0%,"Bokeem Woodbine, Cynda Williams, Damon Saleem"
Dave Meyers,Foolish,1999,,"$6,033,999",Artisan Entertainment,Comedy,"$6,033,999",$0,100%,0%,"Eddie Griffin, Master P, Amie Petersen"
David C. Johnson,Drop Squad,1994,,"$734,693",Gramercy Pictures,Drama,"$734,693",-,100%,0%,"Eriq La Salle, Vondie Curtis-Hall, Ving Rhames"
David E. Talbert,Baggage Claim,2013,,"$22,871,096",Fox Searchlight Pictures,Romance,"$21,569,509","$1,301,587",94.30%,6%,Taye Diggs
David Gordon Greeen,George Washington,2000,,,,Drama,,,,,"Donald Holden, Candace Evanofski, Curtis Cotton II, Eddie Rouse"
David M. Rosenthal,Jacob's Ladder,2019,,,,Drama,,$0,100%,0%," Michael Ealy, Jesse Williams, Nicole Beharie"
David Raynr,Trippin',1999,,"$9,017,070",October Films,Comedy,"$9,017,070",$0,100%,0%,"Deon Richmond, Donald Faison, Guy Torry"
Dee Rees,Pariah,2011,,"$769,552",Focus Features,Drama,"$769,552",$0,100%,0%,
Dee Rees,Mudbound,2017,,"$85,955",Armory Films,Drama,-,"$85,955",-,100%," Jason Mitchell, Carey Mulligan, Jason Clarke "
Denzel Washington,The Great Debaters,2007,,"$30,236,407",MGM,Drama,"$30,236,407",$0,100%,0%,"Denzel Washington, Forest Whitaker, Nate Parker"
Deon Taylor,Meet the Blacks,2016,,"$9,097,072",Freestyle Releasing,Comedy,"$9,097,072",$0,100%,0%,Mike Epps
Don Cheadle,Miles Ahead,2015,,"$3,473,958",Sony Pictures Entertainment,Drama,"$2,610,896","$863,062",75.20%,25%,"Don Cheadle, Emayatzy Corinealdi, Ewan McGregor, Michael Stuhlbarg"
Donald Petrie,The Associate,1996,,"$12,844,057",Walt Disney Motion Pictures,Comedy,"$12,844,057",$0,100%,0%,"Whoopi Goldberg, Dianne Wiest, Eli Wallach"
Doug Ellin,Phat Beach,1996,,"$1,383,553",Orion Pictures,Comedy,"$1,383,553",$0,100%,0%,"Jermaine ‚ÄòHuggy‚Äô Hopkins, Brian Hooks, Claudia Kaleem"
Doug McHenry,Jason's Lyric,1994,,"$20,851,521",,Drama,"$20,851,521",-,100%,-,"Allen Payne, Jada Pinkett Smith, Bokeem Woodbine"
Eddie Murphy,Harlem Nights,1989,,"$60,864,870",,Comedy,"$60,864,870",-,100%,-,"Eddie Murphy, Richard Pryor, Redd Foxx"
Eddie Murphy,Harlem Nights,1989,,"$60,864,870",,Drama,"$60,864,870",-,100%,-,"Eddie Murphy, Richard Pryor, Redd Foxx"
Edward Zwick,Courage Under Fire,1996,,"$100,860,818",Twentieth Century Fox,Drama,"$59,031,057","$41,829,761",59%,41%,"Denzel Washington, Meg Ryan, Lou Diamond Phillips"
Emile Ardolino,Sister Act,1992,,"$231,605,150",,Comedy,"$139,605,150","$92,000,001",60%,40%,"Whoopi Goldberg, Maggie Smith, Kathy Najimy"
Emile Ardolino,Sister Act,1992,,"$231,605,150",,Family,"$139,605,150","$92,000,000",60%,40%,"Whoopi Goldberg, Maggie Smith, Kathy Najimy"
Eric Meza,House Party 3,1994,,"$19,281,235",New Line Cinema,Comedy,"$19,281,235",-,100%,0%,"Christopher Reid, Christopher Martin, David Edwards"
Eric Meza,House Party 3,1994,,"$19,281,235",New Line Cinema,Romance,"$19,281,235",-,100%,0%,"Christopher Reid, Christopher Martin, David Edwards"
Ernest R. Dickerson,Surviving the Game,1994,,"$7,727,256",,Action,"$7,727,256",-,100%,-,"Rutger Hauer, Ice-T, Charles S. Dutton"
Ernest R. Dickerson,Juice,1992,,"$20,146,880",,Drama,"$20,146,880",-,100%,-,"Omar Epps, Tupac Shakur, Jermaine ‚ÄòHuggy‚Äô Hopkins"
F. Gary Gray,Friday,1995,,"$28,215,918",Sony Pictures Entertainment,Comedy,"$27,467,564","$748,354",97%,3%,"Ice Cube, Chris Tucker, Nia Long"
F. Gary Gray,Friday,1995,,"$28,215,918",Sony Pictures Entertainment,Drama,"$27,467,564","$748,354",97%,3%,"Ice Cube, Chris Tucker, Nia Long"
Fernando Meiressles,City of God,2002,,"$30,641,770",Miramax,Action,"$7,564,459","$23,077,311",24.70%,75%,"Alexandre Rodrigues, Matheus Nachtergaele, Leandro Firmino"
Forest Whitaker,Waiting to Exhale,1995,,"$81,452,156",Twentieth Century Fox,Comedy,"$67,052,156","$14,400,000",82%,18%,"Whitney Houston, Angela Bassett, Loretta Devine"
Forest Whitaker,Waiting to Exhale,1995,,"$81,452,156",Twentieth Century Fox,Romance,"$67,052,156","$14,400,000",82%,18%,"Whitney Houston, Angela Bassett, Loretta Devine"
Fred Durst,The Longshots,2008,,"$11,767,866",MGM,Comedy,"$11,537,046","$230,820",98%,2%,"Ice Cube, Keke Palmer, Tasha Smith"
Fred Savage,Daddy Day Camp,2007,,"$18,197,398",Revolution Studios,Comedy,"$13,235,267","$4,962,131",72.70%,27%,"Cuba Gooding Jr., Lochlyn Munro, Richard Gant"
Fred Savage,Daddy Day Camp,2007,,"$18,197,398",Revolution Studios,Family,"$13,235,267","$4,962,131",72.70%,27%,"Cuba Gooding Jr., Lochlyn Munro, Richard Gant"
Gary Hardwick,Deliver Us from Eva,2003,,"$17,573,594",Focus Features,Comedy,"$17,573,594",$0,100%,0%,"Gabrielle Union, LL Cool J, Essence Atkins"
Gary Hardwick,Deliver Us from Eva,2003,,"$17,573,594",Focus Features,Drama,"$17,573,594",$0,100%,0%,"Gabrielle Union, LL Cool J, Essence Atkins"
Gary Hardwick,Deliver Us from Eva,2003,,"$17,573,594",Focus Features,Romance,"$17,573,594",$0,100%,0%,"Gabrielle Union, LL Cool J, Essence Atkins"
"George Jackson, Doug McHenry",House Party 2,1991,,"$19,438,638",,Comedy,"$19,438,638",-,100%,-,"Christopher Reid, Christopher Martin, Martin Lawrence"
"George Jackson, Doug McHenry",House Party 2,1991,,"$19,438,638",,Drama,"$19,438,638",-,100%,-,"Christopher Reid, Christopher Martin, Martin Lawrence"
Gina Prince-Bythewood,Beyond the Lights,2014,,"$14,618,727",Relativity media,Romance,"$14,618,727",$0,100%,0%,"Gugu Mbatha-Raw, Nate Parker, Minnie Driver "
Gus Van Sant,Finding Forrester,2000,,"$80,049,764",Sony Pictures Entertainment,Drama,"$51,804,714","$28,245,050",64.70%,35%,"Sean Connery, Rob Brown, F. Murray Abraham"
Hype Williams,Belly,1998,,"$9,639,390",Artisan Entertainment,Drama,"$9,639,390",$0,100%,0%,"Nas, DMX, Taral Hicks"
Ice Cube,The Players Club,1998,,"$23,261,485",New Line Cinema,Comedy,"$23,047,939","$213,546",99.10%,1%,"LisaRaye, Dick Anthony Williams, Judyann Elder"
Isaac Florentine,Undisputed 3: Redemption,2010,,"$282,548",,Action,-,"$282,548",-,100%,"Scott Adkins, Mykel Shannon Jenkins, Mark Ivanir"
Jack Arnold,Boss,1975,,"$594,283",,Action,-,"$594,283",-,100%,"Fred Williamson, D‚ÄôUrville Martin, William Smith"
Jack Arnold,Boss,1975,,"$594,283",,Blaxploitation,-,"$594,283",-,100%,"Fred Williamson, D‚ÄôUrville Martin, William Smith"
Jack Starrett,Slaughter,1972,,"$48,968",,Action,-,"$48,968",-,100%,"Jim Brown, Stella Stevens, Rip Torn"
Jack Starrett,Slaughter,1972,,"$48,968",,Blaxploitation,-,"$48,968",-,100%,"Jim Brown, Stella Stevens, Rip Torn"
Jake Goldberger,Life of a King,2013,,"$44,161",Millenium Entertainment,Drama,"$6,547","$37,614",14.80%,85%," Cuba Gooding Jr., Dennis Haysbert, George Dick "
Jamal Hill,Brotherly Love,2015,,"$478,595",Freestyle Releasing,Drama,"$478,595",$0,100%,0%,Keke Palmer
James D. Parriott,Heart Condition,1990,,"$4,134,992",,Action,"$4,134,992",-,100%,-,"Bob Hoskins, Denzel Washington, Chloe Webb"
James D. Parriott,Heart Condition,1990,,"$4,134,992",,Comedy,"$4,134,992",-,100%,-,"Bob Hoskins, Denzel Washington, Chloe Webb"
James D. Parriott,Heart Condition,1990,,"$4,134,992",,Drama,"$4,134,992",-,100%,-,"Bob Hoskins, Denzel Washington, Chloe Webb"
James Gartner,Glory Road,2006,,"$42,938,449",Walt Disney Motion Pictures,Comedy,"$42,647,449","$291,000",99.30%,1%,"Josh Lucas, Derek Luke, Austin Nichols"
James Gartner,Glory Road,2006,,"$42,938,449",Walt Disney Motion Pictures,Drama,"$42,647,449","$291,000",99.30%,1%,"Josh Lucas, Derek Luke, Austin Nichols"
Jamie Uys,The Gods Must Be Crazy,1980,,"$30,031,783",,Action,"$30,031,783",-,100%,-,"N!xau, Marius Weyers, Sandra Prinsloo"
Jamie Uys,The Gods Must Be Crazy,1980,,"$30,031,783",,Comedy,"$30,031,783",-,100%,-,"N!xau, Marius Weyers, Sandra Prinsloo"
Jeff Nichols,Loving,2016,,"$12,957,265",Focus Features,Romance,"$7,751,969","$5,205,296",59.80%,40%,
Jeff Pollack,Booty Call,1997,,"$20,050,376",Sony Pictures Entertainment,Comedy,"$20,050,376",$0,100%,0%,"Jamie Foxx, Tommy Davidson, Vivica A. Fox"
Jeff Pollack,Above the Rim,1994,,"$16,192,320",,Drama,"$16,192,320",-,100%,0%,"Duane Martin, Tupac Shakur, Leon"
Jeff Silson,Good Hair,2009,,,,Comedy,,,,,Chris Rock
Jerrold Freedman,Native Son,2019,,"$1,301,121",Cinecom Pictures,Drama,"$1,301,121",$0,100%,0%,
Jesse Vaughan,Juwanna Mann,2002,,"$13,802,599",Warner Bros,Comedy,"$13,670,733","$131,866",99%,1%,"Miguel A. N√∫√±ez Jr., Christopher Simmons, Vivica A. Fox"
Jesse Vaughan,Juwanna Mann,2002,,"$13,802,599",Warner Bros,Drama,"$13,670,733","$131,866",99%,1%,"Miguel A. N√∫√±ez Jr., Christopher Simmons, Vivica A. Fox"
Jesse Vaughan,Juwanna Mann,2002,,"$13,802,599",Warner Bros,Romance,"$13,670,733","$131,866",99%,1%,"Miguel A. N√∫√±ez Jr., Christopher Simmons, Vivica A. Fox"
Jessie Nelson,"Corrina, Corrina",1994,,"$20,164,171",Universal Pictures,Comedy,"$20,164,171",-,100%,0%,"Ray Liotta, Whoopi Goldberg, Tina Majorino"
Jessie Nelson,"Corrina, Corrina",1994,,"$20,164,171",New Line Cinema,Drama,"$20,164,171",-,100%,0%,"Ray Liotta, Whoopi Goldberg, Tina Majorino"
Jessie Nelson,"Corrina, Corrina",1994,,"$20,164,171",Universal Pictures,Romance,"$20,164,171",-,100%,0%,"Ray Liotta, Whoopi Goldberg, Tina Majorino"
Jim Kouf,Gang Related,1997,,"$5,906,773",MGM,Action,"$5,906,773",$0,100%,0%,"Tupac Shakur, James Belushi, Dennis Quaid"
Joe Pytka,Space Jam,1996,,"$230,418,342",Warner Bros,Comedy,"$90,418,342","$140,000,000",39%,61%,"Michael Jordan, Wayne Knight, Theresa Randle"
Joe Pytka,Space Jam,1996,,"$230,418,342",Warner Bros,Family,"$90,418,342","$140,000,000",39%,61%,"Michael Jordan, Wayne Knight, Theresa Randle"
Joe Talbot,The Last Black Man in San Francisco,2019,,,,Drama,,,,," Jimmie Fails, Jonathan Majors, Tichina Arnold, Rob Morgan"
Joel Schumacher,A Time to Kill,1996,,"$152,266,007",Warner Bros,Drama,"$108,766,007","$43,500,000",71%,29%,"Samuel L. Jackson, Matthew McConaughey, Sandra Bullock"
Joel Schumacher,A Time to Kill,1996,,"$152,266,007",Warner Bros,Drama,"$108,766,007","$43,500,000",71%,29%,"Matthew McConaughey, Sandra Bullock, Samuel L. Jackson"
Joel Silberg,Breakin',1984,,"$38,682,707",,Drama,"$38,682,707",-,100%,-,"Lucinda Dickey, Adolfo Quinones, Michael Chambers"
Joel Zwick,Fat Albert,2004,,"$48,551,322",Twentieth Century Fox,Comedy,"$48,116,322","$435,000",99.10%,1%,"Kenan Thompson, Kyla Pratt, Omarion Grandberry"
Joel Zwick,Fat Albert,2004,,"$48,551,322",Twentieth Century Fox,Family,"$48,116,322","$435,000",99.10%,1%,"Kenan Thompson, Kyla Pratt, Omarion Grandberry"
John Berry,Boesman and Lena,2000,,"$32,625",Kino International,Drama,"$32,625",$0,100%,0%,"Danny Glover, Angela Bassett, Willie Jonah"
John G. Avildsen,Lean on Me,1989,,"$31,906,454",,Action,"$31,906,454",-,100%,-,"Morgan Freeman, Beverly Todd, Robert Guillaume"
John G. Avildsen,Lean on Me,1989,,"$31,906,454",,Drama,"$31,906,454",-,100%,-,"Morgan Freeman, Beverly Todd, Robert Guillaume"
John Landis,Beverly Hills Cop III,1994,,"$42,614,912",Paramount Pictures,Action,"$42,614,912",-,100%,0%,"Eddie Murphy, Jon Tenney, Joey Travolta"
John Landis,Trading Places,1983,,"$90,404,800",,Comedy,"$90,404,800",-,100%,-,"Eddie Murphy, Dan Aykroyd, Ralph Bellamy"
John Landis,Coming to America,1988,,"$288,752,301",,Comedy,"$128,152,301","160,600,00",44%,56%,"Eddie Murphy, Arsenio Hall, James Earl Jones"
John Landis,Beverly Hills Cop III,1994,,"$42,614,912",Paramount Pictures,Comedy,"$42,614,912",-,100%,0%,"Eddie Murphy, Jon Tenney, Joey Travolta"
John Landis,Coming to America,1988,,"$128,152,301",,Drama,"$128,152,301",-,100%,-,"Eddie Murphy, Arsenio Hall, James Earl Jones"
John Landis,Coming to America,1988,,"$128,152,301",,Romance,"$128,152,301",-,100%,-,"Eddie Murphy, Arsenio Hall, James Earl Jones"
John Singleton,Rosewood,1997,,"$13,130,349",Warner Bros,Action,"$13,130,349",$0,100%,0%,"Jon Voight, Ving Rhames, Don Cheadle"
John Singleton,Higher Learning,1995,,"$38,290,723",Sony Pictures Entertainment,Drama,"$38,290,723",$0,100%,0%,"Omar Epps, Kristy Swanson, Michael Rapaport"
John Singleton,Poetic Justice,1993,,"$27,515,786",,Romance,"$27,515,786",-,100%,0%,"Janet Jackson, Tupac Shakur, Regina King"
John Singleton,Higher Learning,1995,,"$38,290,723",Sony Pictures Entertainment,Romance,"$38,290,723",$0,100%,0%,"Omar Epps, Kristy Swanson, Michael Rapaport"
John Trengove,The Wound,2017,,"$213,043",Kino lorber,Drama,"$30,678","$182,365",14.40%,86%,"Nakhane Toure, Bongile Mantsai, Niza Jay, Thbani Msleni"
Jon Turteltaub,Cool Runnings,1993,,"$154,856,263",,Comedy,"$68,856,263","$86,000,000",45%,56%," John Candy, Leon, Doug E. Doug"
Jon Turteltaub,Cool Runnings,1993,,"$154,856,263",,Family,"$68,856,263","$86,000,000",45%,56%,"John Candy, Leon, Doug E. Doug"
Jonathan Baker,Kin,2018,,"$10,313,019",Lionsgate,Action,"$5,718,096","$4,594,923",55.40%,45%,"Myles Truitt, Jack Reynor, Dennis Quaid, Zoe Kravitz"
Jonathan Baker,Kin,2018,,"$10,313,019",Lionsgate,Drama,"$5,718,096","$4,594,923",55.40%,45%,"Myles Truitt, Jack Reynor, Dennis Quaid, Zoe Kravitz"
Jonathan Lynn,The Distinguished Gentleman,1992,,"$46,666,502",,Comedy,"$46,666,502",-,100%,0%,"Eddie Murphy, Lane Smith, Sheryl Lee Ralph"
Jordan Walker-Pearlman,Constellation,2005,,"$306,533",The Bigger Picture,Drama,"$306,533",$0,100%,0%,"Gabrielle Union, Billy Dee Williams, Zoe Saldana"
Joseph B. Vasquez,Hangin' with the Homeboys,1991,,"$532,933",,Comedy,"$532,933",-,100%,-,"Doug E. Doug, Mario Joyner, John Leguizamo"
Joseph B. Vasquez,Hangin' with the Homeboys,1991,,"$532,933",,Drama,"$532,933",-,100%,-,"Doug E. Doug, Mario Joyner, John Leguizamo"
Josephine Decker,Madeline's Madeline,2018,,,,Drama,,,,,"Helena Howard, Molly Parker, Miranda July "
Juan Carlos Piniero Escoriaza,Know How,2015,,"$3,323",First Run,Drama,"$3,323",$0,100%,0%,
Julia Hart,Fast Color,2019,,,,Drama,,,,,"Gugu Mbatha-Raw, Lorraine Toussaint,Saniyya Sidney, David Strathairn"
Julie Dash,Daughters of the Dust,1991,,"$1,642,436",,Drama,"$1,642,436",-,100%,-,"Cora Lee Day, Alva Rogers, Barbarao"
Julie Dash,Daughters of the Dust,1991,,"$1,689,723",,Romance,"$1,683,422","$6,301",100%,0%,"Cora Lee Day, Alva Rogers, Barbarao"
Julius Onah,Luce,2019,,"$2,268,204",Neon,Drama,"$2,010,613","$257,591",88.60%,11%,"Octavia Spencer, Naomi Watts, Kelvin Harrison Jr. Tim Roth"
Justin Simien,Dear White People,2014,,"$4,633,961",Roadside Attractions,Drama,"$4,404,154","$229,807",95%,5%,
Karey Kirkpatrick,Imagine That,2009,,"$22,985,194",Paramount Pictures,Comedy,"$16,123,323","$6,861,871",70.10%,30%,"Eddie Murphy, Thomas Haden Church, Yara Shahidi"
Karey Kirkpatrick,Imagine That,2009,,"$22,985,194",Paramount Pictures,Drama,"$16,123,323","$6,861,871",70.10%,30%,"Eddie Murphy, Thomas Haden Church, Yara Shahidi"
Kasi Lemmons,Eve's Bayou,1997,,"$14,842,388",Trimark Pictures,Drama,"$14,842,388",$0,100%,0%,"Samuel L. Jackson, Jurnee Smollett-Bell, Meagan Good"
Kasi Lemmons,Talk to Me,2007,,"$4,778,376",Focus Features,Drama,"$4,533,261","$245,115",94.90%,5%,"Don Cheadle, Chiwetel Ejiofor,  Taraji P. Henson"
Kevin Hooks,Strictly Business,1991,,"$7,683,267",,Comedy,"$7,683,267",-,100%,-,"Tommy Davidson, Joseph C. Phillips, Anne-Marie Johnson"
Kevin Hooks,Strictly Business,1991,,"$7,683,267",,Romance,"$7,683,267",-,100%,-,"Tommy Davidson, Joseph C. Phillips, Anne-Marie Johnson"
Kevin Rodney Sullivan,Guess Who,2005,,"$103,121,466",Sony Pictures Entertainment,Comedy,"$68,915,888","$34,205,578",66.80%,33%,"Ashton Kutcher, Bernie Mac, Zoe Saldana"
Kevin Rodney Sullivan,How Stella Got Her Groove Back,1998,,"$39,278,722",Twentieth Century Fox,Drama,"$37,672,941","$1,605,781",95.90%,4%,"Angela Bassett, Taye Diggs, Whoopi Goldberg"
Kevin Rodney Sullivan,Guess Who,2005,,"$103,121,466",Sony Pictures Entertainment,Romance,"$68,915,888","$34,205,578",66.80%,33%,"Ashton Kutcher, Bernie Mac, Zoe Saldana"
Lance Rivera,The Cookout,2004,,"$12,009,070",Lionsgate,Comedy,"$11,814,019","$195,051",98.40%,2%,"Quran Pender, Jenifer Lewis, Ja Rule"
Larry Cohen,Original Gangstas,1996,,"$3,718,087",Orion Pictures,Action,"$3,718,087",$0,100%,0%,"Fred Williamson, Jim Brown, Pam Grier"
Marcus Raboy,Friday After Next,2002,,"$33,526,835",New Line Cinema,Comedy,"$33,253,609","$273,226",99.20%,1%,"Ice Cube, Mike Epps, John Witherspoon"
Marcus Raboy,Friday After Next,2002,,"$33,526,835",New Line Cinema,Drama,"$33,253,609","$273,226",99.20%,1%,"Ice Cube, Mike Epps, John Witherspoon"
Mario Van Peebles,New Jack City,1991,,"$47,624,353",,Action,"$47,624,353",-,100%,-,"Wesley Snipes, Allen Payne, Ice-T"
Mario Van Peebles,Baadasssss!,2003,,"$365,727",Sony Pictures Entertainment,Drama,"$365,727",$0,100%,0%,"Mario Van Peebles, Nia Long, Joy Bryant"
Martin Brest,Beverly Hills Cop,1984,,"$234,760,478",Paramount Pictures,Action,"$234,760,478",-,100%,-,"Eddie Murphy, Judge Reinhold, John Ashton"
Martin Brest,Beverly Hills Cop,1984,,"$234,760,478",Paramount Pictures,Comedy,"$234,760,478",-,100%,-,"Eddie Murphy, Judge Reinhold, John Ashton"
Martin Lawrence,A Thin Line Between Love and Hate,1996,,"$35,599,803",New Line Cinema,Comedy,"$34,767,836","$831,967",98%,2%,"Martin Lawrence, Lynn Whitfield, Regina King"
Martin Stellman,For Queen & Country,1988,,"$191,051",Atlantic Releasing Corporation,Action,"$191,051",-,100.00%,,"Denzel Washington, Dorian Healy, Sean Chapman"
Mati Diop,Atlantics,2019,,"$407,933",,Drama,-,"$407,933",-,100%,"Mame Bineta Sane, Amadou Mbow, Traore"
Mati Diop,Atlantics,2019,,"$407,933",,Drama,-,"$407,933",-,100%,"Mame Bineta Sane, Amadou Mbow, Traore"
Matt Ruskin,Crown Heights,2017,,"$238,558",IFC Films,Drama,"$238,558",$0,100%,0%,"LaKeith Stanfield, Nnamdi Asomugha, Natalie Paul"
Matty Rich,Straight Out of Brooklyn,1991,,"$2,712,293",,Action,"$2,712,293",-,100%,-,"George T. Odom, Ann D. Sanders, Lawrence Gilliard jr. "
Matty Rich,The Inkwell,1994,,"$8,880,705",,Comedy,"$8,880,705",-,100%,-,"Larenz Tate, Joe Morton, Suzzanne Douglas"
Matty Rich,The Inkwell,1994,,"$8,880,705",,Romance,"$8,880,705",-,100%,-,"Larenz Tate, Joe Morton, Suzzanne Douglas"
Maurice Jamal,Dirty Laundry,2006,,"$20,138",Codeblack Entertainment,Comedy,"$20,138",$0,100%,0%,"Rockmond Dunbar, Loretta Devine, Jenifer Lewis"
Maurice Jamal,Dirty Laundry,2006,,"$20,138",Codeblack Entertainment,Drama,"$20,138",$0,100%,0%,"Rockmond Dunbar, Loretta Devine, Jenifer Lewis"
Maya Angelou,Down in the Delta,1998,,"$5,672,903",Miramax,Drama,"$5,672,903",$0,100%,0%,"Alfre Woodard, Al Freeman Jr., Esther Rolle"
Michael Apted,Critical Condition,1987,,"$20,240,502",,Comedy,"$20,240,502",-,100%,-,"Richard Pryor, Rachel Ticotin, Rub√©n Blades"
Michael Martin,I Got the Hook Up,1998,,"$10,317,779",Miramax,Comedy,"$10,317,779",$0,100%,0%,"Master P, Anthony Johnson, Gretchen Palmer"
Michael Pressman,Some Kind of Hero,1982,,"$23,671,186",,Comedy,"$23,671,186",-,100%,-,"Richard Pryor, Margot Kidder, Ray Sharkey"
Michael Ritchie,The Golden Child,1986,,"$79,817,937",,Action,"$79,817,937",-,100%,-,"Eddie Murphy, J.L. Reate, Charles Dance"
Michael Ritchie,The Golden Child,1986,,"$79,817,937",,Comedy,"$79,817,937",-,100%,-,"Eddie Murphy, J.L. Reate, Charles Dance"
Michael Roemer,Nothing But a Man,1964,,"$13,063",,Romance,"$13,063",-,100%,-,"Ivan Dixon, Abbey Lincoln, Julius Harris"
Michael Schultz,Livin' Large!,1991,,"$5,467,959",,Comedy,"$5,467,959",-,100%,-,"Terrence ‚ÄòT.C.‚Äô Carson, Lisa Arrindell Anderson, Blanche Baker"
Michael Schultz,Livin' Large!,1991,,"$5,467,959",,Drama,"$5,467,959",-,100%,-,"Terrence ‚ÄòT.C.‚Äô Carson, Lisa Arrindell Anderson, Blanche Baker"
Michael Tiddes,Fifty Shades of Black,2016,,"$22,227,514",Open Road Films,Comedy,"$11,686,940","$10,540,574",52.60%,47%," Marlon Wayans, Kali Hawk, Fred Willard "
Mick Jackson,The Bodyguard,1992,,"$411,006,740",,Romance,"$122,006,740","$289,000,000",30%,70%,"Kevin Costner, Whitney Houston, Gary Kemp"
Mike Binder,Blankman,1994,,"$7,941,977",Cloumbia Pictures,Comedy,"$7,941,977",-,100%,0%,"Damon Wayans, David Alan Grier, Robin Givens"
Mira Nair,Mississippi Masala,1991,,"$7,308,786",,Comedy,"$7,308,786",-,100%,-,"Denzel Washington, Sarita Choudhury, Roshan Seth"
Mira Nair,Mississippi Masala,1991,,"$7,308,786",,Romance,"$7,308,786",-,100%,-,"Denzel Washington, Sarita Choudhury, Roshan Seth"
Morgan Freeman,Bopha!,1993,,"$212,483",,Drama,"$212,483",-,100%,0%,"Danny Glover, Malcolm McDowell, Alfre Woodard"
Neema Barnette,Civil Brand,2002,,"$254,293",Lionsgate,Drama,"$254,293",$0,100%,0%,"LisaRaye, N‚ÄôBushe Wright, Mos Def"
Neil Drumming,Big Words,2013,,"$8,965",AFFRM,Comedy,"$8,965",$0,100%,0%,
Nick Castle,Tap,1989,,"$9,114,702",,Comedy,"$9,114,702",-,100%,-,"Gregory Hines, Suzzanne Douglas, Sammy Davis Jr."
Nick Castle,Major Payne,1995,,"$30,112,050",Universal Pictures,Comedy,"$29,412,050","$700,000",98%,2%,"Damon Wayans, Michael Ironside, Scott Bigalow"
Norman Jewison,Bogus,1996,,"$4,357,406",Warner Bros,Comedy,"$4,357,406",$0,100%,0%,"Whoopi Goldberg, G√©rard Depardieu, Haley Joel Osment"
Norman Jewison,A Soldier's Story,1984,,"$21,821,347",,Drama,"$21,821,347",-,100%,-,"Howard E. Rollins Jr., Adolph Caesar, Art Evans"
Norman Jewison,Bogus,1996,,"$4,357,406",Warner Bros,Family,"$4,357,406",$0,100%,0%,"Whoopi Goldberg, G√©rard Depardieu, Haley Joel Osment"
Olivier Nakache,Samba,2015,,"$39,178,695",Broad Green Pictures,Drama,"$151,530","$39,027,165",0.40%,100%,
Oz Scott,Bustin' Loose,1981,,"$31,261,269",,Comedy,"$31,261,269",-,100%,-,"Richard Pryor, Cicely Tyson, √Ångel Ram√≠rez"
Paris Barclay,Don't Be a Menace to South Central While Drinking Your Juice in the Hood,1996,,"$20,949,601",Miramax,Comedy,"$20,109,115","$840,486",96%,4%,"Shawn Wayans, Marlon Wayans, Keenen Ivory Wayans"
Paul Maslansky,Sugar Hill,1974,,"$18,225,518",,Action,"$18,225,518",-,100%,-,"Marki Bey, Robert Quarry, Don Pedro Colley"
Paul Schrader,Blue Collar,1978,,"$6,521,083",,Drama,"$6,521,083",-,100%,-,"Richard Pryor, Harvey Keitel, Yaphet Kotto"
Penny Marshall,The Preacher's Wife,1996,,"$48,102,795",Walt Disney Motion Pictures,Comedy,"$48,102,795",$0,100%,0%,"Denzel Washington, Whitney Houston, Courtney B. Vance"
Pete Docter,Soul,2020,,,,Family,,,,,"Jamie Foxx, Daveed Diggs, John Ratzenberger, Tina Fey"
Peter Cousens,Freedom,2014,,"$842,740",,Drama,-,"$842,740",-,100%,"Cuba Gooding Jr., Sharon Leal, David Rasche "
Peter MacDonald,Mo' Money,1992,,"$40,227,006",,Comedy,"$40,227,006",-,100%,-,"Damon Wayans, Stacey Dash, Marlon Wayans"
Peter MacDonald,Mo' Money,1992,,"$40,227,006",,Romance,"$40,227,006",-,100%,-,"Damon Wayans, Stacey Dash, Marlon Wayans"
Preston A. Whitmore II,The Walking Dead,1995,,"$6,014,341",Savoy Pictures,Action,"$6,014,341",$0,100%,0%,"Joe Morton, Allen Payne, Eddie Griffin"
Prince,Under the Cherry Moon,1986,,"$10,090,429",,Comedy,"$10,090,429",-,100%,-,"Prince, Jerome Benton, Kristin Scott Thomas"
Prince,Graffiti Bridge,1990,,"$4,562,778",,Drama,"$4,562,778",-,100%,-,"Prince, Morris Day, Ingrid Chavez"
Quintin Tarantino,Jackie Brown,1997,,"$39,673,807",Miramax,Action,"$39,673,162",$645,100%,0%,"Pam Grier, Samuel l. Jackson"
Randall Miller,Class Act,1992,,"$13,272,113",,Comedy,"$13,272,113",-,100%,-,"Christopher Reid, Christopher Martin, Andre Rosey Brown"
Randall Miller,The Sixth Man,1997,,"$14,772,788",Walt Disney Motion Pictures,Comedy,"$14,772,788",$0,100%,0%,"Marlon Wayans, Kadeem Hardison, David Paymer, Michael Michele"
Rawson Marshall Thurber,Central Intelligence,2016,,"$216,972,543",Warner Bros,Comedy,"$127,440,871","$89,531,672",58.70%,41%,"Dwayne Johnson, Kevin Hart, Danielle Nicolet, Amy Ryan"
Reginald Hudlin,House Party,1990,,"$26,385,627",,Comedy,"$26,385,627",-,100%,-,"Christopher Reid, Robin Harris, Christopher Martin"
Reginald Hudlin,The Great White Hype,1996,,"$8,008,255",Twentieth Century Fox,Comedy,"$8,008,255",$0,100%,0%,"Samuel L. Jackson, Jeff Goldblum, Damon Wayans"
Reginald Hudlin,House Party,1990,,"$26,385,627",,Romance,"$26,385,627",-,100%,-,"Christopher Reid, Robin Harris, Christopher Martin"
Reinaldo Marcus Green,Monsters and Men,2018,,,,Drama,,,,,"John David Washington,Chante Adams, Rob Morgan"
Richard Attenborough,Cry Freedom,1987,,"$5,899,797",,Drama,"$5,899,797",-,100%,-,"Denzel Washington, Kevin Kline, Josette Simon"
Richard Benjamin,Made in America,1993,,"$104,942,695",,Comedy,"$44,942,695","$60,000,000",43%,57%,"Whoopi Goldberg, Ted Danson, Will Smith"
Richard Donner,Lethal Weapon,1987,,"$120,207,127",Warner Bros,Action,"$65,207,127","$55,000,000",54%,46%,"Mel Gibson, Danny Glover, Gary Busey"
Richard Donner,Lethal Weapon 2,1989,,"$227,853,986",Warner Bros,Action,"$147,253,986","$80,600,000",65%,35%,"Mel Gibson, Danny Glover, Joe Pesci"
Richard Donner,Lethal Weapon 3,1992,,"$321,731,527",Warner Bros,Action,"$144,731,527","$177,000,000",45%,55%,"Mel Gibson, Danny Glover, Joe Pesci"
Richard Donner,The Toy,1982,,"$47,118,057",,Comedy,"$47,118,057",-,100%,-,"Richard Pryor, Jackie Gleason, Ned Beatty"
Richard Pearce,A Family Thing,1996,,"$10,125,417",MGM,Comedy,"$10,125,417",$0,100%,0%,"Robert Duvall, James Earl Jones, Michael Beach"
Richard Pearce,A Family Thing,1996,,"$10,125,417",MGM,Drama,"$10,125,417",$0,100%,0%,"Robert Duvall, James Earl Jones, Michael Beach"
Rick Famuyiwa,Our Family Wedding,2010,,"$21,409,028",Fox Searchlight Pictures,Comedy,"$20,255,281","$1,153,747",94.60%,5%,"America Ferrera, Forest Whitaker, Carlos Mencia"
Rick Famuyiwa,Our Family Wedding,2010,,"$21,409,028",Fox Searchlight Pictures,Romance,"$20,255,281","$1,153,747",94.60%,5%,"America Ferrera, Forest Whitaker, Carlos Mencia"
Rob Cohen,Alex Cross,2012,,"$34,618,867",Lionsgate,Action,"$25,888,412","$8,730,455",74.80%,25%,"Tyler Perry, Matthew Fox, Rachel Nichols"
Rob Hardy,Trois,2000,,"$1,161,843",Rainforest Films,Romance,"$1,161,843",$0,100%,0%,"Gary Dourdan, Gretchen Palmer, Kenya Moore"
Rob Reiner,Ghosts of Mississippi,1996,,"$13,323,144",Sony Pictures Entertainment,Drama,"$13,323,144",$0,100%,0%,"Alec Baldwin, James Woods, Whoopi Goldberg"
Robert Mulligan,Clara's Heart,1988,,"$5,194,491",,Drama,"$5,194,491",-,100%,-,Whoopi Goldberg
Robert Townsend,Hollywood Shuffle,1987,,"$5,228,617",,Comedy,"$5,228,617",-,100%,-,"Robert Townsend, Craigus R. Johnson, Helen Martin"
Robert Townsend,The Meteor Man,1993,,"$8,016,708",,Comedy,"$8,016,708",-,100%,0%,"Robert Townsend, Marla Gibbs, Eddie Griffin"
Robert Townsend,The Five Heartbeats,1991,,"$8,750,400",Twentieth Century Fox,Drama,"$8,750,400",-,100%,-,Cole Hauser
Robert Townsend,The Meteor Man,1993,,"$8,016,708",,Family,"$8,016,708",-,100%,0%,"Robert Townsend, Marla Gibbs, Eddie Griffin"
Rodney Evans,Brother to Brother,2004,,"$80,906",Wolfe Releasing,Drama,"$80,906",$0,100%,0%,"Anthony Mackie, Lawrence Gilliard Jr., Duane Boutte"
Roger Kumble,College Road Trip,2008,,"$51,549,674",Walt Disney Motion Pictures,Comedy,"$45,610,425","$5,939,249",88.50%,12%,"Raven-Symon√©, Martin Lawrence, Kym Whitley"
Roger Kumble,College Road Trip,2008,,"$51,549,674",Walt Disney Motion Pictures,Drama,"$45,610,425","$5,939,249",88.50%,12%,"Raven-Symon√©, Martin Lawrence, Kym Whitley"
Roger Kumble,College Road Trip,2008,,"$51,549,674",Walt Disney Motion Pictures,Family,"$45,610,425","$5,939,249",88.50%,12%,"Raven-Symon√©, Martin Lawrence, Kym Whitley"
Ron Shelton,White Men Can't Jump,1992,,"$90,753,806",,Comedy,"$76,253,806","$14,500,000",84%,16%,"Wesley Snipes, Woody Harrelson, Rosie Perez"
Russ Parr,35 and Ticking,2011,,"$113,794",Image Entertainment,Comedy,"$113,794",$0,100%,0%,"Tamala Jones, Nicole Ari Parker, Kevin Hart"
Russ Parr,35 and Ticking,2011,,"$113,794",Image Entertainment,Romance,"$113,794",$0,100%,0%,"Tamala Jones, Nicole Ari Parker, Kevin Hart"
Russell Mulcahy,Ricochet,1991,,"$21,756,163",,Action,"$21,756,163",-,100%,-,"Denzel Washington, John Lithgow, Ice-T"
Rusty Cundieff,Fear of a Black Hat,1993,,"$233,824",,Comedy,"$233,824",-,100%,0%,"Larry B. Scott, Mark Christopher Lawrence, Rusty Cundieff"
Rusty Cundieff,Sprung,1997,,"$7,575,028",Trimark Pictures,Comedy,"$7,575,028",$0,100%,0%,"Tisha Campbell-Martin, Rusty Cundieff, Paula Jai Parker"
Ryan Coogler,Black Panther,2018,,"$1,346,913,161",Walt Disney Motion Pictures,Action,"$700,059,566","$646,853,595",52%,48%,"Chadwick Boseman, Michael B. Jordan, Lupita Nyong'o, Danai Gurira"
Ryan Coogler,Fruitvale Station,2009,,"$17,385,830",The Weinstein Company,Drama,"$16,101,339","$1,284,491",92.60%,7%,"Michael B. Jordan, Melonie Diaz, Octavia Spencer"
Sanaa Hamri,Just Wright,2010,,"$21,584,424",Fox Searchlight Pictures,Comedy,"$21,540,363","$44,061",99.80%,0%,"Queen Latifah, Common, Paula Patton"
Sanaa Hamri,Just Wright,2010,,"$21,584,424",Fox Searchlight Pictures,Romance,"$21,540,363","$44,061",99.80%,0%,"Queen Latifah, Common, Paula Patton"
Scott Sanders,Black Dynamite,2009,,"$296,557",Apparition,Action,"$242,578","$53,979",81.80%,18%,"Arsenio Hall, Tommy Davidson, Michael Jai White"
Scott Sanders,Black Dynamite,2009,,"$296,557",Apparition,Comedy,"$242,578","$53,979",81.80%,18%,"Arsenio Hall, Tommy Davidson, Michael Jai White"
Sean Baker (II),Tangerine,2015,,,,Comedy,,,,,"itana Kiki Rodriguez, James Ransone, Mya Taylor, Alla Tumanian"
Sean Baker (II),Tangerine,2015,,,,Drama,,,,,"itana Kiki Rodriguez, James Ransone, Mya Taylor, Alla Tumanian"
Sheldon Candis,LUV,2012,,"$156,996",Indomina Media,Action,"$156,996",$0,100%,0%,"Common, Danny Glover, Dennis Haysbert"
Shola Amoo,The Last Tree,2019,,"$228,676",ArtMattan Productions,Drama,"$10,128","$218,548",4.40%,96%,
Sidney Lumet,The Wiz,1978,,"$21,049,053",,Drama,"$21,049,053",-,100%,-,"Michael Jackson, Diana Ross"
Sidney Lumet,The Wiz,1978,,"$21,049,053",,Family,"$21,049,053",-,100%,-,"Diana Ross, Michael Jackson, Nipsey Russell"
Sidney Poitier,Stir Crazy,1980,,"$101,300,000",,Comedy,"$101,300,000",-,100%,-,"Gene Wilder, Richard Pryor, Georg Stanford Brown"
Sidney Poitier,Ghost Dad,1990,,"$25,421,633",,Comedy,"$24,707,633","$714,001",197%,103%,"Bill Cosby, Kimberly Russell, Denise Nicholas"
Sidney Poitier,Ghost Dad,1990,,"$25,421,633",,Family,"$24,707,633","$714,000",97%,3%,"Bill Cosby, Kimberly Russell, Denise Nicholas"
Stan Lathan,Beat Street,1984,,"$16,595,791",,Drama,"$16,595,791",-,100%,-,"Rae Dawn Chong, Guy Davis, Jon Chardiet"
Stephan C Schaefer,My Last Day Without You,2011,,"$8,335",,Romance,-,"$8,335",-,100%,
Stephen Gyllenhaal,Losing Isaiah,1995,,"$7,603,766",Paramount Pictures,Drama,"$7,603,766",$0,100%,0%,"Jessica Lange, Halle Berry, David Strathairn"
Stephen Milburn Anderson,South Central,1992,,"$1,373,196",,Action,"$1,373,196",-,100%,0%,"Glenn Plummer, Byron Minns, Christian Coleman"
Stephen Norrington,Blade,1998,,"$131,183,530",New Line Cinema,Action,"$70,087,718","$61,095,812",53.40%,47%,"Wesley Snipes, Stephen Dorff, Kris Kristofferson"
Steve Carr,Are We Done Yet?,2007,,"$58,388,068",Revolution Studios,Comedy,"$49,662,533","$8,725,535",85.10%,15%,"Ice Cube, Nia Long, John C. McGinleyh"
Steve Carr,Are We Done Yet?,2007,,"$58,388,068",Revolution Studios,Drama,"$49,662,533","$8,725,535",85.10%,15%,"Ice Cube, Nia Long, John C. McGinley"
Steve Carr,Are We Done Yet?,2007,,"$58,388,068",Revolution Studios,Family,"$49,662,533","$8,725,535",85.10%,15%,"Ice Cube, Nia Long, John C. McGinley"
Steve James,Hoop Dreams,1994,,"$7,830,611",,Drama,"$7,830,611",-,100%,0%,"William Gates, Arthur Agee, Emma Gates"
Steve Rash,Eddie,1996,,"$31,387,164",Walt Disney Motion Pictures,Comedy,"$31,387,164",$0,100%,0%,"Whoopi Goldberg, Frank Langella, Dennis Farina"
Stuart Rosenberg,Brubaker,1980,,"$37,121,708",,Drama,"$37,121,708",-,100%,-,"Robert Redford, Yaphet Kotto, Morgan Freeman"
Tamra Davis,Half Baked,1998,,"$17,460,020",Universal Pictures,Comedy,"$17,460,020",,,,"Dave Chapelle, Guillermo Diaz, Jim Breuer, Harland Williams"
Tate Taylor,The Help,2011,,"$216,639,112",Walt Disney Motion Pictures,Drama,"$169,708,112","$46,931,000",78.30%,22%,"Emma Stone, Viola Davis, Octavia Spencer, "
Taylor Hackford,An Officer and a Gentleman,1982,,"$129,795,554",,Drama,"$129,795,554",-,100%,-,"Richard Gere, Debra Winger, David Keith"
Taylor Hackford,An Officer and a Gentleman,1982,,"$129,795,554",,Romance,"$129,795,554",-,100%,-,"Richard Gere, Debra Winger, David Keith"
Terry George,Hotel Rwanda,2004,,"$33,882,243",United Artists,Drama,"$23,530,892","$10,351,351",69.40%,31%,"Don Cheadle, Sophie Okonedo, Joaquin Phoenix"
Theodore Witcher,Love Jones,1997,,"$12,782,749",New Line Cinema,Drama,"$12,479,335","$303,414",98%,2%,"Larenz Tate, Nia Long, Isaiah Washington"
Theodore Witcher,Love Jones,1997,,"$12,782,749",New Line Cinema,Romance,"$12,479,335","$303,414",98%,2%,"Larenz Tate, Nia Long, Isaiah Washington"
Tim Disney,American Violet,2008,,"$554,434",The Samuel Goldwyn Company,Drama,"$554,434",$0,100%,0%,"Nicole Beharie, Will Patton, Alfre Woodard"
Tim Story,Think Like a Man,2012,,"$96,070,507",Screen Gems,Comedy,"$91,547,205","$4,523,302",95.30%,5%,"Chris Brown, Gabrielle Union, Kevin Hart"
Tim Story,Ride Along,2014,,"$154,468,902",Universal Pictures,Comedy,"$134,938,200","$19,530,702",87.40%,13%,"Ice Cube, Kevin Hart, Tika Sumpter, John Leguizamo"
Tim Story,Ride Along 2,2016,,"$124,605,297",Universal Pictures,Comedy,"$91,221,830","$33,383,467",73.20%,27%,"Ice Cube, Kevin Hart, Tika Sumpter, Benjamin Bratt"
Todd Graff,Joyful Noise,2012,,"$31,158,113",Warner Bros,Comedy,"$30,932,113","$226,000",99.30%,1%,"Queen Latifah,Dolly Parton,ÔøΩKeke Palmer,ÔøΩJeremy Jordan, andÔøΩCourtney B. Vance"
Tom Shadyac,Brian Banks,2019,,"$4,376,819",Bleeker Street Media,Drama,"$4,376,819",$0,100%,0%,"Sherri Shepherd, Aldis Hodge, Greg Kinnear"
Tony Scott,Beverly Hills Cop II,1987,,"$153,665,036",Paramount Pictures,Action,"$153,665,036",-,100%,-,"Eddie Murphy, Judge Reinhold, Ronny Cox"
Tony Scott,Beverly Hills Cop II,1987,,"$153,665,036",Paramount Pictures,Comedy,"$153,665,036",-,100%,-,"Eddie Murphy, Judge Reinhold, Ronny Cox"
Trey Edward Shults,Waves,2019,,"$2,570,294",A24,drama,"$1,658,790","$911,504",64.50%,36%,"Kelvin harrison Jr., Lucas Hedges, Taylor Russell, Alexa Demie"
Trey Edward Shults,It Comes at Night,2017,,,,Horror,,,,,"Joel Edgerton, Riley Keough, Christopher Abbott, Carmen Ejogo"
Vanessa Middleton,30 Years to Life,2001,,"$103,540",Innovation Film Group,Comedy,"$103,540",$0,100%,0%,"Erika Alexander, Melissa De Sousa, Tracy Morgan"
Vanessa Middleton,30 Years to Life,2001,,"$103,540",Innovation Film Group,Drama,"$103,540",$0,100%,0%,"Erika Alexander, Melissa De Sousa, Tracy Morgan"
Vanessa Middleton,30 Years to Life,2001,,"$103,540",Innovation Film Group,Romance,"$103,540",$0,100%,0%,"Erika Alexander, Melissa De Sousa, Tracy Morgan"
Vondie Curtis-Hall,Gridlock'd,1997,,"$5,571,205",Gramercy Pictures,Comedy,"$5,571,205",$0,100%,0%,"Tupac Shakur, Tim Roth, Thandie Newton"
Walter Hill,48 Hrs.,1982,,"$78,868,508",,Action,"$78,868,508",-,100%,-,"Nick Nolte, Eddie Murphy, Annette O‚ÄôToole"
Walter Hill,Brewster's Millions,1985,,"$45,833,132",,Comedy,"$40,833,132","$5,000,000",89%,11%,"Richard Pryor, John Candy, Lonette McKee"
Wes Craven,Vampire in Brooklyn,1995,,"$19,751,736",Paramount Pictures,Comedy,"$19,751,736",$0,100%,0%,"Eddie Murphy, Angela Bassett, Allen Payne"
Wes Craven,Vampire in Brooklyn,1995,,"$19,751,736",Paramount Pictures,Romance,"$19,751,736",$0,100%,0%,"Eddie Murphy, Angela Bassett, Allen Payne"
Zeresenay Mehari,Difret,2014,,"$97,205",,Drama,"$49,667","$47,538",51.10%,49%,"Meron Getnet, Tzita Hagere, Abel Abebe"